,image,clusterid,stations,Time
0,15550.2021-11-16T233014.846110Z.png,1,15550,2021-11-16T233014
1,15550.2021-11-16T230014.846000Z.png,1,15550,2021-11-16T230014
2,15550.2021-11-16T223014.846110Z.png,1,15550,2021-11-16T223014
3,15550.2021-11-16T220014.846000Z.png,1,15550,2021-11-16T220014
4,15550.2021-11-16T213014.846110Z.png,1,15550,2021-11-16T213014
5,15550.2021-11-16T210014.846000Z.png,1,15550,2021-11-16T210014
6,15550.2021-11-16T203014.846110Z.png,1,15550,2021-11-16T203014
7,15550.2021-11-16T200014.846000Z.png,1,15550,2021-11-16T200014
8,15550.2021-11-16T193014.846110Z.png,1,15550,2021-11-16T193014
9,15550.2021-11-16T190014.846000Z.png,1,15550,2021-11-16T190014
10,15550.2021-11-16T183014.846110Z.png,1,15550,2021-11-16T183014
11,15550.2021-11-16T180014.846000Z.png,1,15550,2021-11-16T180014
12,15550.2021-11-16T173014.846110Z.png,1,15550,2021-11-16T173014
13,15550.2021-11-16T170014.846000Z.png,1,15550,2021-11-16T170014
14,15550.2021-11-16T163014.846110Z.png,1,15550,2021-11-16T163014
15,15550.2021-11-16T160014.846000Z.png,1,15550,2021-11-16T160014
16,15550.2021-11-16T153014.846110Z.png,1,15550,2021-11-16T153014
17,15550.2021-11-16T150014.846000Z.png,1,15550,2021-11-16T150014
18,15550.2021-11-16T143014.846110Z.png,1,15550,2021-11-16T143014
19,15550.2021-11-16T140014.846000Z.png,1,15550,2021-11-16T140014
20,15550.2021-11-16T133014.846110Z.png,1,15550,2021-11-16T133014
21,15550.2021-11-16T130014.846000Z.png,1,15550,2021-11-16T130014
22,15550.2021-11-16T123014.846110Z.png,1,15550,2021-11-16T123014
23,15550.2021-11-16T120014.846000Z.png,1,15550,2021-11-16T120014
24,15550.2021-11-16T113014.846110Z.png,1,15550,2021-11-16T113014
25,15550.2021-11-16T110014.846000Z.png,1,15550,2021-11-16T110014
26,15550.2021-11-16T103014.846110Z.png,1,15550,2021-11-16T103014
27,15550.2021-11-16T100014.846000Z.png,1,15550,2021-11-16T100014
28,15550.2021-11-16T093014.846110Z.png,1,15550,2021-11-16T093014
29,15550.2021-11-16T090014.846000Z.png,1,15550,2021-11-16T090014
30,15550.2021-11-16T083014.846110Z.png,1,15550,2021-11-16T083014
31,15550.2021-11-16T080014.846000Z.png,1,15550,2021-11-16T080014
32,15550.2021-11-16T073014.846110Z.png,1,15550,2021-11-16T073014
33,15550.2021-11-16T070014.846000Z.png,1,15550,2021-11-16T070014
34,15550.2021-11-16T063014.846110Z.png,1,15550,2021-11-16T063014
35,15550.2021-11-16T060014.846000Z.png,1,15550,2021-11-16T060014
36,15550.2021-11-16T053014.846110Z.png,1,15550,2021-11-16T053014
37,15550.2021-11-16T050014.846000Z.png,1,15550,2021-11-16T050014
38,15550.2021-11-16T043014.846110Z.png,1,15550,2021-11-16T043014
39,15550.2021-11-16T040014.846000Z.png,1,15550,2021-11-16T040014
40,15550.2021-11-16T033014.846110Z.png,1,15550,2021-11-16T033014
41,15550.2021-11-16T030014.846000Z.png,1,15550,2021-11-16T030014
42,15550.2021-11-16T023014.846110Z.png,1,15550,2021-11-16T023014
43,15550.2021-11-16T020014.846000Z.png,1,15550,2021-11-16T020014
44,15550.2021-11-16T013014.846110Z.png,1,15550,2021-11-16T013014
45,15550.2021-11-16T010014.846000Z.png,1,15550,2021-11-16T010014
46,15550.2021-11-16T003014.846110Z.png,1,15550,2021-11-16T003014
47,15550.2021-11-16T000014.846000Z.png,1,15550,2021-11-16T000014
48,15550.2021-11-15T233014.846110Z.png,1,15550,2021-11-15T233014
49,15550.2021-11-15T230014.846000Z.png,1,15550,2021-11-15T230014
50,15550.2021-11-15T223014.846110Z.png,1,15550,2021-11-15T223014
51,15550.2021-11-15T220014.846000Z.png,1,15550,2021-11-15T220014
52,15550.2021-11-15T213014.846110Z.png,1,15550,2021-11-15T213014
53,15550.2021-11-15T210014.846000Z.png,1,15550,2021-11-15T210014
54,15550.2021-11-15T203014.846110Z.png,1,15550,2021-11-15T203014
55,15550.2021-11-15T200014.846000Z.png,1,15550,2021-11-15T200014
56,15550.2021-11-15T193014.846110Z.png,1,15550,2021-11-15T193014
57,15550.2021-11-15T190014.846000Z.png,1,15550,2021-11-15T190014
58,15550.2021-11-15T183014.846110Z.png,1,15550,2021-11-15T183014
59,15550.2021-11-15T180014.846000Z.png,1,15550,2021-11-15T180014
60,15550.2021-11-15T173014.846110Z.png,1,15550,2021-11-15T173014
61,15550.2021-11-15T170014.846000Z.png,1,15550,2021-11-15T170014
62,15550.2021-11-15T163014.846110Z.png,1,15550,2021-11-15T163014
63,15550.2021-11-15T160014.846000Z.png,1,15550,2021-11-15T160014
64,15550.2021-11-15T153014.846110Z.png,1,15550,2021-11-15T153014
65,15550.2021-11-15T150014.846000Z.png,1,15550,2021-11-15T150014
66,15550.2021-11-15T143014.846110Z.png,1,15550,2021-11-15T143014
67,15550.2021-11-15T140014.846000Z.png,1,15550,2021-11-15T140014
68,15550.2021-11-15T133014.846110Z.png,1,15550,2021-11-15T133014
69,15550.2021-11-15T130014.846000Z.png,1,15550,2021-11-15T130014
70,15550.2021-11-15T123014.846110Z.png,1,15550,2021-11-15T123014
71,15550.2021-11-15T120014.846000Z.png,1,15550,2021-11-15T120014
72,15550.2021-11-15T113014.846110Z.png,1,15550,2021-11-15T113014
73,15550.2021-11-15T110014.846000Z.png,1,15550,2021-11-15T110014
74,15550.2021-11-15T103014.846110Z.png,1,15550,2021-11-15T103014
75,15550.2021-11-15T100014.846000Z.png,1,15550,2021-11-15T100014
76,15550.2021-11-15T093014.846110Z.png,1,15550,2021-11-15T093014
77,15550.2021-11-15T090014.846000Z.png,1,15550,2021-11-15T090014
78,15550.2021-11-15T083014.846110Z.png,1,15550,2021-11-15T083014
79,15550.2021-11-15T080014.846000Z.png,1,15550,2021-11-15T080014
80,15550.2021-11-15T073014.846110Z.png,1,15550,2021-11-15T073014
81,15550.2021-11-15T070014.846000Z.png,1,15550,2021-11-15T070014
82,15550.2021-11-15T063014.846110Z.png,1,15550,2021-11-15T063014
83,15550.2021-11-15T060014.846000Z.png,1,15550,2021-11-15T060014
84,15550.2021-11-15T053014.846110Z.png,1,15550,2021-11-15T053014
85,15550.2021-11-15T050014.846000Z.png,1,15550,2021-11-15T050014
86,15550.2021-11-15T043014.846110Z.png,1,15550,2021-11-15T043014
87,15550.2021-11-15T040014.846000Z.png,1,15550,2021-11-15T040014
88,15550.2021-11-15T033014.846110Z.png,1,15550,2021-11-15T033014
89,15550.2021-11-15T030014.846000Z.png,1,15550,2021-11-15T030014
90,15550.2021-11-15T023014.846110Z.png,1,15550,2021-11-15T023014
91,15550.2021-11-15T020014.846000Z.png,1,15550,2021-11-15T020014
92,15550.2021-11-15T013014.846110Z.png,1,15550,2021-11-15T013014
93,15550.2021-11-15T010014.846000Z.png,1,15550,2021-11-15T010014
94,15550.2021-11-15T003014.846110Z.png,1,15550,2021-11-15T003014
95,15550.2021-11-15T000014.846000Z.png,1,15550,2021-11-15T000014
96,15550.2021-11-14T233014.846110Z.png,1,15550,2021-11-14T233014
97,15550.2021-11-14T230014.846000Z.png,1,15550,2021-11-14T230014
98,15550.2021-11-14T223014.846110Z.png,1,15550,2021-11-14T223014
99,15550.2021-11-14T220014.846000Z.png,1,15550,2021-11-14T220014
100,15550.2021-11-14T213014.846110Z.png,1,15550,2021-11-14T213014
101,15550.2021-11-14T210014.846000Z.png,1,15550,2021-11-14T210014
102,15550.2021-11-14T203014.846110Z.png,1,15550,2021-11-14T203014
103,15550.2021-11-14T200014.846000Z.png,1,15550,2021-11-14T200014
104,15550.2021-11-14T193014.846110Z.png,1,15550,2021-11-14T193014
105,15550.2021-11-14T190014.846000Z.png,1,15550,2021-11-14T190014
106,15550.2021-11-14T183014.846110Z.png,1,15550,2021-11-14T183014
107,15550.2021-11-14T180014.846000Z.png,1,15550,2021-11-14T180014
108,15550.2021-11-14T173014.846110Z.png,1,15550,2021-11-14T173014
109,15550.2021-11-14T170014.846000Z.png,1,15550,2021-11-14T170014
110,15550.2021-11-14T163014.846110Z.png,1,15550,2021-11-14T163014
111,15550.2021-11-14T160014.846000Z.png,1,15550,2021-11-14T160014
112,15550.2021-11-14T153014.846110Z.png,1,15550,2021-11-14T153014
113,15550.2021-11-14T150014.846000Z.png,1,15550,2021-11-14T150014
114,15550.2021-11-14T143014.846110Z.png,1,15550,2021-11-14T143014
115,15550.2021-11-14T140014.846000Z.png,1,15550,2021-11-14T140014
116,15550.2021-11-14T133014.846110Z.png,1,15550,2021-11-14T133014
117,15550.2021-11-14T130014.846000Z.png,1,15550,2021-11-14T130014
118,15550.2021-11-14T123014.846110Z.png,1,15550,2021-11-14T123014
119,15550.2021-11-14T120014.846000Z.png,1,15550,2021-11-14T120014
120,15550.2021-11-14T113014.846110Z.png,1,15550,2021-11-14T113014
121,15550.2021-11-14T110014.846000Z.png,1,15550,2021-11-14T110014
122,15550.2021-11-14T103014.846110Z.png,1,15550,2021-11-14T103014
123,15550.2021-11-14T100014.846000Z.png,1,15550,2021-11-14T100014
124,15550.2021-11-14T093014.846110Z.png,1,15550,2021-11-14T093014
125,15550.2021-11-14T090014.846000Z.png,1,15550,2021-11-14T090014
126,15550.2021-11-14T083014.846110Z.png,1,15550,2021-11-14T083014
127,15550.2021-11-14T080014.846000Z.png,1,15550,2021-11-14T080014
128,15550.2021-11-14T073014.846110Z.png,1,15550,2021-11-14T073014
129,15550.2021-11-14T070014.846000Z.png,1,15550,2021-11-14T070014
130,15550.2021-11-14T063014.846110Z.png,1,15550,2021-11-14T063014
131,15550.2021-11-14T060014.846000Z.png,1,15550,2021-11-14T060014
132,15550.2021-11-14T053014.846110Z.png,1,15550,2021-11-14T053014
133,15550.2021-11-14T050014.846000Z.png,1,15550,2021-11-14T050014
134,15550.2021-11-14T043014.846110Z.png,1,15550,2021-11-14T043014
135,15550.2021-11-14T040014.846000Z.png,1,15550,2021-11-14T040014
136,15550.2021-11-14T033014.846110Z.png,1,15550,2021-11-14T033014
137,15550.2021-11-14T030014.846000Z.png,1,15550,2021-11-14T030014
138,15550.2021-11-14T023014.846110Z.png,1,15550,2021-11-14T023014
139,15550.2021-11-14T020014.846000Z.png,1,15550,2021-11-14T020014
140,15550.2021-11-14T013014.846110Z.png,1,15550,2021-11-14T013014
141,15550.2021-11-14T010014.846000Z.png,1,15550,2021-11-14T010014
142,15550.2021-11-14T003014.846110Z.png,1,15550,2021-11-14T003014
143,15550.2021-11-14T000014.846000Z.png,1,15550,2021-11-14T000014
144,15550.2021-11-13T233014.846110Z.png,1,15550,2021-11-13T233014
145,15550.2021-11-13T230014.846000Z.png,1,15550,2021-11-13T230014
146,15550.2021-11-13T223014.846110Z.png,1,15550,2021-11-13T223014
147,15550.2021-11-13T220014.846000Z.png,1,15550,2021-11-13T220014
148,15550.2021-11-13T213014.846110Z.png,1,15550,2021-11-13T213014
149,15550.2021-11-13T210014.846000Z.png,1,15550,2021-11-13T210014
150,15550.2021-11-13T203014.846110Z.png,1,15550,2021-11-13T203014
151,15550.2021-11-13T200014.846000Z.png,1,15550,2021-11-13T200014
152,15550.2021-11-13T193014.846110Z.png,1,15550,2021-11-13T193014
153,15550.2021-11-13T190014.846000Z.png,1,15550,2021-11-13T190014
154,15550.2021-11-13T183014.846110Z.png,1,15550,2021-11-13T183014
155,15550.2021-11-13T180014.846000Z.png,1,15550,2021-11-13T180014
156,15550.2021-11-13T173014.846110Z.png,1,15550,2021-11-13T173014
157,15550.2021-11-13T170014.846000Z.png,1,15550,2021-11-13T170014
158,15550.2021-11-13T163014.846110Z.png,1,15550,2021-11-13T163014
159,15550.2021-11-13T160014.846000Z.png,1,15550,2021-11-13T160014
160,15550.2021-11-13T153014.846110Z.png,1,15550,2021-11-13T153014
161,15550.2021-11-13T150014.846000Z.png,1,15550,2021-11-13T150014
162,15550.2021-11-13T143014.846110Z.png,1,15550,2021-11-13T143014
163,15550.2021-11-13T140014.846000Z.png,1,15550,2021-11-13T140014
164,15550.2021-11-13T133014.846110Z.png,1,15550,2021-11-13T133014
165,15550.2021-11-13T130014.846000Z.png,1,15550,2021-11-13T130014
166,15550.2021-11-13T123014.846110Z.png,1,15550,2021-11-13T123014
167,15550.2021-11-13T120014.846000Z.png,1,15550,2021-11-13T120014
168,15550.2021-11-13T113014.846110Z.png,1,15550,2021-11-13T113014
169,15550.2021-11-13T110014.846000Z.png,1,15550,2021-11-13T110014
170,15550.2021-11-13T103014.846110Z.png,1,15550,2021-11-13T103014
171,15550.2021-11-13T100014.846000Z.png,1,15550,2021-11-13T100014
172,15550.2021-11-13T093014.846110Z.png,1,15550,2021-11-13T093014
173,15550.2021-11-13T090014.846000Z.png,1,15550,2021-11-13T090014
174,15550.2021-11-13T083014.846110Z.png,1,15550,2021-11-13T083014
175,15550.2021-11-13T080014.846000Z.png,1,15550,2021-11-13T080014
176,15550.2021-11-13T073014.846110Z.png,1,15550,2021-11-13T073014
177,15550.2021-11-13T070014.846000Z.png,1,15550,2021-11-13T070014
178,15550.2021-11-13T063014.846110Z.png,1,15550,2021-11-13T063014
179,15550.2021-11-13T060014.846000Z.png,1,15550,2021-11-13T060014
180,15550.2021-11-13T053014.846110Z.png,1,15550,2021-11-13T053014
181,15550.2021-11-13T050014.846000Z.png,1,15550,2021-11-13T050014
182,15550.2021-11-13T043014.846110Z.png,1,15550,2021-11-13T043014
183,15550.2021-11-13T040014.846000Z.png,1,15550,2021-11-13T040014
184,15550.2021-11-13T033014.846110Z.png,1,15550,2021-11-13T033014
185,15550.2021-11-13T030014.846000Z.png,1,15550,2021-11-13T030014
186,15550.2021-11-13T023014.846110Z.png,1,15550,2021-11-13T023014
187,15550.2021-11-13T020014.846000Z.png,1,15550,2021-11-13T020014
188,15550.2021-11-13T013014.846110Z.png,1,15550,2021-11-13T013014
189,15550.2021-11-13T010014.846000Z.png,1,15550,2021-11-13T010014
190,15550.2021-11-13T003014.846110Z.png,1,15550,2021-11-13T003014
191,15550.2021-11-13T000014.846000Z.png,1,15550,2021-11-13T000014
192,15550.2021-11-12T233014.846110Z.png,1,15550,2021-11-12T233014
193,15550.2021-11-12T230014.846000Z.png,1,15550,2021-11-12T230014
194,15550.2021-11-12T223014.846110Z.png,1,15550,2021-11-12T223014
195,15550.2021-11-12T220014.846000Z.png,1,15550,2021-11-12T220014
196,15550.2021-11-12T213014.846110Z.png,1,15550,2021-11-12T213014
197,15550.2021-11-12T210014.846000Z.png,1,15550,2021-11-12T210014
198,15550.2021-11-12T203014.846110Z.png,1,15550,2021-11-12T203014
199,15550.2021-11-12T200014.846000Z.png,1,15550,2021-11-12T200014
200,15550.2021-11-12T193014.846110Z.png,1,15550,2021-11-12T193014
201,15550.2021-11-12T190014.846000Z.png,1,15550,2021-11-12T190014
202,15550.2021-11-12T183014.846110Z.png,1,15550,2021-11-12T183014
203,15550.2021-11-12T180014.846000Z.png,1,15550,2021-11-12T180014
204,15550.2021-11-12T173014.846110Z.png,1,15550,2021-11-12T173014
205,15550.2021-11-12T170014.846000Z.png,1,15550,2021-11-12T170014
206,15550.2021-11-12T163014.846110Z.png,1,15550,2021-11-12T163014
207,15550.2021-11-12T160014.846000Z.png,1,15550,2021-11-12T160014
208,15550.2021-11-12T153014.846110Z.png,1,15550,2021-11-12T153014
209,15550.2021-11-12T150014.846000Z.png,1,15550,2021-11-12T150014
210,15550.2021-11-12T143014.846110Z.png,1,15550,2021-11-12T143014
211,15550.2021-11-12T140014.846000Z.png,1,15550,2021-11-12T140014
212,15550.2021-11-12T133014.846110Z.png,1,15550,2021-11-12T133014
213,15550.2021-11-12T130014.846000Z.png,1,15550,2021-11-12T130014
214,15550.2021-11-12T123014.846110Z.png,1,15550,2021-11-12T123014
215,15550.2021-11-12T120014.846000Z.png,1,15550,2021-11-12T120014
216,15550.2021-11-12T113014.846110Z.png,1,15550,2021-11-12T113014
217,15550.2021-11-12T110014.846000Z.png,1,15550,2021-11-12T110014
218,15550.2021-11-12T103014.846110Z.png,1,15550,2021-11-12T103014
219,15550.2021-11-12T100014.846000Z.png,1,15550,2021-11-12T100014
220,15550.2021-11-12T093014.846110Z.png,1,15550,2021-11-12T093014
221,15550.2021-11-12T090014.846000Z.png,1,15550,2021-11-12T090014
222,15550.2021-11-12T083014.846110Z.png,1,15550,2021-11-12T083014
223,15550.2021-11-12T080014.846000Z.png,1,15550,2021-11-12T080014
224,15550.2021-11-12T073014.846110Z.png,1,15550,2021-11-12T073014
225,15550.2021-11-12T070014.846000Z.png,1,15550,2021-11-12T070014
226,15550.2021-11-12T063014.846110Z.png,1,15550,2021-11-12T063014
227,15550.2021-11-12T060014.846000Z.png,1,15550,2021-11-12T060014
228,15550.2021-11-12T053014.846110Z.png,1,15550,2021-11-12T053014
229,15550.2021-11-12T050014.846000Z.png,1,15550,2021-11-12T050014
230,15550.2021-11-12T043014.846110Z.png,1,15550,2021-11-12T043014
231,15550.2021-11-12T040014.846000Z.png,1,15550,2021-11-12T040014
232,15550.2021-11-12T033014.846110Z.png,1,15550,2021-11-12T033014
233,15550.2021-11-12T030014.846000Z.png,1,15550,2021-11-12T030014
234,15550.2021-11-12T023014.846110Z.png,1,15550,2021-11-12T023014
235,15550.2021-11-12T020014.846000Z.png,1,15550,2021-11-12T020014
236,15550.2021-11-12T013014.846110Z.png,1,15550,2021-11-12T013014
237,15550.2021-11-12T010014.846000Z.png,1,15550,2021-11-12T010014
238,15550.2021-11-12T003014.846110Z.png,1,15550,2021-11-12T003014
239,15550.2021-11-12T000014.846000Z.png,1,15550,2021-11-12T000014
240,15550.2021-11-11T233014.846110Z.png,1,15550,2021-11-11T233014
241,15550.2021-11-11T230014.846000Z.png,1,15550,2021-11-11T230014
242,15550.2021-11-11T223014.846110Z.png,1,15550,2021-11-11T223014
243,15550.2021-11-11T220014.846000Z.png,1,15550,2021-11-11T220014
244,15550.2021-11-11T213014.846110Z.png,1,15550,2021-11-11T213014
245,15550.2021-11-11T210014.846000Z.png,1,15550,2021-11-11T210014
246,15550.2021-11-11T203014.846110Z.png,1,15550,2021-11-11T203014
247,15550.2021-11-11T200014.846000Z.png,1,15550,2021-11-11T200014
248,15550.2021-11-11T193014.846110Z.png,1,15550,2021-11-11T193014
249,15550.2021-11-11T190014.846000Z.png,1,15550,2021-11-11T190014
250,15550.2021-11-11T183014.846110Z.png,1,15550,2021-11-11T183014
251,15550.2021-11-11T180014.846000Z.png,1,15550,2021-11-11T180014
252,15550.2021-11-11T173014.846110Z.png,1,15550,2021-11-11T173014
253,15550.2021-11-11T170014.846000Z.png,1,15550,2021-11-11T170014
254,15550.2021-11-11T163014.846110Z.png,1,15550,2021-11-11T163014
255,15550.2021-11-11T160014.846000Z.png,1,15550,2021-11-11T160014
256,15550.2021-11-11T153014.846110Z.png,1,15550,2021-11-11T153014
257,15550.2021-11-11T150014.846000Z.png,1,15550,2021-11-11T150014
258,15550.2021-11-11T143014.846110Z.png,1,15550,2021-11-11T143014
259,15550.2021-11-11T140014.846000Z.png,1,15550,2021-11-11T140014
260,15550.2021-11-11T133014.846110Z.png,1,15550,2021-11-11T133014
261,15550.2021-11-11T130014.846000Z.png,1,15550,2021-11-11T130014
262,15550.2021-11-11T123014.846110Z.png,1,15550,2021-11-11T123014
263,15550.2021-11-11T120014.846000Z.png,1,15550,2021-11-11T120014
264,15550.2021-11-11T113014.846110Z.png,1,15550,2021-11-11T113014
265,15550.2021-11-11T110014.846000Z.png,1,15550,2021-11-11T110014
266,15550.2021-11-11T103014.846110Z.png,1,15550,2021-11-11T103014
267,15550.2021-11-11T100014.846000Z.png,1,15550,2021-11-11T100014
268,15550.2021-11-11T093014.846110Z.png,0,15550,2021-11-11T093014
269,15550.2021-11-11T090014.846000Z.png,0,15550,2021-11-11T090014
270,15550.2021-11-11T083014.846110Z.png,0,15550,2021-11-11T083014
271,15550.2021-11-11T080014.846000Z.png,0,15550,2021-11-11T080014
272,15550.2021-11-11T073014.846110Z.png,0,15550,2021-11-11T073014
273,15550.2021-11-11T070014.846000Z.png,0,15550,2021-11-11T070014
274,15550.2021-11-11T063014.846110Z.png,0,15550,2021-11-11T063014
275,15550.2021-11-11T060014.846000Z.png,0,15550,2021-11-11T060014
276,15550.2021-11-11T053014.846110Z.png,0,15550,2021-11-11T053014
277,15550.2021-11-11T050014.846000Z.png,0,15550,2021-11-11T050014
278,15550.2021-11-11T043014.846110Z.png,0,15550,2021-11-11T043014
279,15550.2021-11-11T040014.846000Z.png,0,15550,2021-11-11T040014
280,15550.2021-11-11T033014.846110Z.png,0,15550,2021-11-11T033014
281,15550.2021-11-11T030014.846000Z.png,0,15550,2021-11-11T030014
282,15550.2021-11-11T023014.846110Z.png,0,15550,2021-11-11T023014
283,15550.2021-11-11T020014.846000Z.png,0,15550,2021-11-11T020014
284,15550.2021-11-11T013014.846110Z.png,0,15550,2021-11-11T013014
285,15550.2021-11-11T010014.846000Z.png,0,15550,2021-11-11T010014
286,15550.2021-11-11T003007.174110Z.png,0,15550,2021-11-11T003007
287,15550.2021-11-11T000007.174000Z.png,0,15550,2021-11-11T000007
288,15550.2021-11-10T233007.174110Z.png,0,15550,2021-11-10T233007
289,15550.2021-11-10T230007.174000Z.png,0,15550,2021-11-10T230007
290,15550.2021-11-10T223007.174110Z.png,0,15550,2021-11-10T223007
291,15550.2021-11-10T220007.174000Z.png,0,15550,2021-11-10T220007
292,15550.2021-11-10T213007.174110Z.png,0,15550,2021-11-10T213007
293,15550.2021-11-10T210007.174000Z.png,0,15550,2021-11-10T210007
294,15550.2021-11-10T203007.174110Z.png,0,15550,2021-11-10T203007
295,15550.2021-11-10T200007.174000Z.png,0,15550,2021-11-10T200007
296,15550.2021-11-10T193007.174110Z.png,0,15550,2021-11-10T193007
297,15550.2021-11-10T190007.174000Z.png,0,15550,2021-11-10T190007
298,15550.2021-11-10T183007.174110Z.png,0,15550,2021-11-10T183007
299,15550.2021-11-10T180007.174000Z.png,0,15550,2021-11-10T180007
300,15550.2021-11-10T173007.174110Z.png,0,15550,2021-11-10T173007
301,15550.2021-11-10T170007.174000Z.png,0,15550,2021-11-10T170007
302,15550.2021-11-10T163007.174110Z.png,0,15550,2021-11-10T163007
303,15550.2021-11-10T160007.174000Z.png,0,15550,2021-11-10T160007
304,15550.2021-11-10T153007.174110Z.png,0,15550,2021-11-10T153007
305,15550.2021-11-10T150007.174000Z.png,0,15550,2021-11-10T150007
306,15550.2021-11-10T143007.174110Z.png,0,15550,2021-11-10T143007
307,15550.2021-11-10T140007.174000Z.png,0,15550,2021-11-10T140007
308,15550.2021-11-10T133007.174110Z.png,0,15550,2021-11-10T133007
309,15550.2021-11-10T130007.174000Z.png,0,15550,2021-11-10T130007
310,15550.2021-11-10T123007.174110Z.png,0,15550,2021-11-10T123007
311,15550.2021-11-10T120007.174000Z.png,0,15550,2021-11-10T120007
312,15550.2021-11-10T113007.174110Z.png,0,15550,2021-11-10T113007
313,15550.2021-11-10T110007.174000Z.png,0,15550,2021-11-10T110007
314,15550.2021-11-10T103007.174110Z.png,0,15550,2021-11-10T103007
315,15550.2021-11-10T100007.174000Z.png,0,15550,2021-11-10T100007
316,15550.2021-11-10T093007.174110Z.png,0,15550,2021-11-10T093007
317,15550.2021-11-10T090007.174000Z.png,0,15550,2021-11-10T090007
318,15550.2021-11-10T083007.174110Z.png,0,15550,2021-11-10T083007
319,15550.2021-11-10T080007.174000Z.png,0,15550,2021-11-10T080007
320,15550.2021-11-10T073007.174110Z.png,0,15550,2021-11-10T073007
321,15550.2021-11-10T070007.174000Z.png,0,15550,2021-11-10T070007
322,15550.2021-11-10T063007.174110Z.png,0,15550,2021-11-10T063007
323,15550.2021-11-10T060007.174000Z.png,0,15550,2021-11-10T060007
324,15550.2021-11-10T053007.174110Z.png,0,15550,2021-11-10T053007
325,15550.2021-11-10T050007.174000Z.png,0,15550,2021-11-10T050007
326,15550.2021-11-10T043007.174110Z.png,0,15550,2021-11-10T043007
327,15550.2021-11-10T040007.174000Z.png,0,15550,2021-11-10T040007
328,15550.2021-11-10T033007.174110Z.png,0,15550,2021-11-10T033007
329,15550.2021-11-10T030007.174000Z.png,0,15550,2021-11-10T030007
330,15550.2021-11-10T023007.174110Z.png,0,15550,2021-11-10T023007
331,15550.2021-11-10T020007.174000Z.png,0,15550,2021-11-10T020007
332,15550.2021-11-10T013007.174110Z.png,0,15550,2021-11-10T013007
333,15550.2021-11-10T010007.174000Z.png,0,15550,2021-11-10T010007
334,15550.2021-11-10T003007.174110Z.png,0,15550,2021-11-10T003007
335,15550.2021-11-10T000007.174000Z.png,0,15550,2021-11-10T000007
336,15550.2021-11-09T233007.174110Z.png,0,15550,2021-11-09T233007
337,15550.2021-11-09T230007.174000Z.png,0,15550,2021-11-09T230007
338,15550.2021-11-09T223007.174110Z.png,0,15550,2021-11-09T223007
339,15550.2021-11-09T220007.174000Z.png,0,15550,2021-11-09T220007
340,15550.2021-07-15T203011.633110Z.png,0,15550,2021-07-15T203011
341,15550.2021-07-15T200011.633000Z.png,1,15550,2021-07-15T200011
342,15550.2021-07-15T193011.633110Z.png,1,15550,2021-07-15T193011
343,15550.2021-07-15T190011.633000Z.png,1,15550,2021-07-15T190011
344,15550.2021-07-15T183011.633110Z.png,1,15550,2021-07-15T183011
345,15550.2021-07-15T180011.633000Z.png,1,15550,2021-07-15T180011
346,15550.2021-07-15T173011.633110Z.png,1,15550,2021-07-15T173011
347,15550.2021-07-15T170011.633000Z.png,1,15550,2021-07-15T170011
348,15550.2021-07-15T163011.633110Z.png,1,15550,2021-07-15T163011
349,15550.2021-07-15T160011.633000Z.png,1,15550,2021-07-15T160011
350,15550.2021-07-15T153011.633110Z.png,1,15550,2021-07-15T153011
351,15550.2021-07-15T150011.633000Z.png,1,15550,2021-07-15T150011
352,15550.2021-07-15T143011.633110Z.png,1,15550,2021-07-15T143011
353,15550.2021-07-15T140011.633000Z.png,1,15550,2021-07-15T140011
354,15550.2021-07-15T133011.633110Z.png,1,15550,2021-07-15T133011
355,15550.2021-07-15T130011.633000Z.png,1,15550,2021-07-15T130011
356,15550.2021-07-15T123011.633110Z.png,1,15550,2021-07-15T123011
357,15550.2021-07-15T120011.633000Z.png,1,15550,2021-07-15T120011
358,15550.2021-07-15T113011.633110Z.png,1,15550,2021-07-15T113011
359,15550.2021-07-15T110011.633000Z.png,1,15550,2021-07-15T110011
360,15550.2021-07-15T103011.633110Z.png,1,15550,2021-07-15T103011
361,15550.2021-07-15T100011.633000Z.png,1,15550,2021-07-15T100011
362,15550.2021-07-15T093011.633110Z.png,1,15550,2021-07-15T093011
363,15550.2021-07-15T090011.633000Z.png,1,15550,2021-07-15T090011
364,15550.2021-07-15T083011.633110Z.png,1,15550,2021-07-15T083011
365,15550.2021-07-15T080011.633000Z.png,1,15550,2021-07-15T080011
366,15550.2021-07-15T073011.633110Z.png,1,15550,2021-07-15T073011
367,15550.2021-07-15T070011.633000Z.png,1,15550,2021-07-15T070011
368,15550.2021-07-15T063011.633110Z.png,1,15550,2021-07-15T063011
369,15550.2021-07-15T060011.633000Z.png,1,15550,2021-07-15T060011
370,15550.2021-07-15T053011.633110Z.png,1,15550,2021-07-15T053011
371,15550.2021-07-15T050011.633000Z.png,1,15550,2021-07-15T050011
372,15550.2021-07-15T043011.633110Z.png,1,15550,2021-07-15T043011
373,15550.2021-07-15T040011.633000Z.png,1,15550,2021-07-15T040011
374,15550.2021-07-15T033011.633110Z.png,1,15550,2021-07-15T033011
375,15550.2021-07-15T030011.633000Z.png,1,15550,2021-07-15T030011
376,15550.2021-07-15T023011.633110Z.png,1,15550,2021-07-15T023011
377,15550.2021-07-15T020011.633000Z.png,1,15550,2021-07-15T020011
378,15550.2021-07-15T013011.633110Z.png,1,15550,2021-07-15T013011
379,15550.2021-07-15T010011.633000Z.png,1,15550,2021-07-15T010011
380,15550.2021-07-15T003011.633110Z.png,1,15550,2021-07-15T003011
381,15550.2021-07-15T000011.633000Z.png,1,15550,2021-07-15T000011
382,15550.2021-07-14T233011.633110Z.png,1,15550,2021-07-14T233011
383,15550.2021-07-14T230011.633000Z.png,1,15550,2021-07-14T230011
384,15550.2021-07-14T223011.633110Z.png,1,15550,2021-07-14T223011
385,15550.2021-07-14T220011.633000Z.png,1,15550,2021-07-14T220011
386,15550.2021-07-14T213011.633110Z.png,1,15550,2021-07-14T213011
387,15550.2021-07-14T210011.633000Z.png,1,15550,2021-07-14T210011
388,15550.2021-07-14T203011.633110Z.png,1,15550,2021-07-14T203011
389,15550.2021-07-14T200011.633000Z.png,1,15550,2021-07-14T200011
390,15550.2021-07-14T193011.633110Z.png,1,15550,2021-07-14T193011
391,15550.2021-07-14T190011.633000Z.png,1,15550,2021-07-14T190011
392,15550.2021-07-14T183011.633110Z.png,1,15550,2021-07-14T183011
393,15550.2021-07-14T180011.633000Z.png,1,15550,2021-07-14T180011
394,15550.2021-07-14T173011.633110Z.png,1,15550,2021-07-14T173011
395,15550.2021-07-14T170011.633000Z.png,1,15550,2021-07-14T170011
396,15550.2021-07-14T163011.633110Z.png,1,15550,2021-07-14T163011
397,15550.2021-07-14T160011.633000Z.png,1,15550,2021-07-14T160011
398,15550.2021-07-14T153011.633110Z.png,1,15550,2021-07-14T153011
399,15550.2021-07-14T150011.633000Z.png,1,15550,2021-07-14T150011
400,15550.2021-07-14T143011.633110Z.png,1,15550,2021-07-14T143011
401,15550.2021-07-14T140011.633000Z.png,1,15550,2021-07-14T140011
402,15550.2021-07-14T133011.633110Z.png,1,15550,2021-07-14T133011
403,15550.2021-07-14T130011.633000Z.png,1,15550,2021-07-14T130011
404,15550.2021-07-14T123011.633110Z.png,1,15550,2021-07-14T123011
405,15550.2021-07-14T120011.633000Z.png,1,15550,2021-07-14T120011
406,15550.2021-07-14T113011.633110Z.png,1,15550,2021-07-14T113011
407,15550.2021-07-14T110011.633000Z.png,1,15550,2021-07-14T110011
408,15550.2021-07-14T103011.633110Z.png,1,15550,2021-07-14T103011
409,15550.2021-07-14T100011.633000Z.png,1,15550,2021-07-14T100011
410,15550.2021-07-14T093011.633110Z.png,1,15550,2021-07-14T093011
411,15550.2021-07-14T090011.633000Z.png,1,15550,2021-07-14T090011
412,15550.2021-07-14T083011.633110Z.png,1,15550,2021-07-14T083011
413,15550.2021-07-14T080011.633000Z.png,1,15550,2021-07-14T080011
414,15550.2021-07-14T073011.633110Z.png,1,15550,2021-07-14T073011
415,15550.2021-07-14T070011.633000Z.png,1,15550,2021-07-14T070011
416,15550.2021-07-14T063011.633110Z.png,1,15550,2021-07-14T063011
417,15550.2021-07-14T060011.633000Z.png,1,15550,2021-07-14T060011
418,15550.2021-07-14T053011.633110Z.png,1,15550,2021-07-14T053011
419,15550.2021-07-14T050011.633000Z.png,1,15550,2021-07-14T050011
420,15550.2021-07-14T043011.633110Z.png,1,15550,2021-07-14T043011
421,15550.2021-07-14T040011.633000Z.png,1,15550,2021-07-14T040011
422,15550.2021-07-14T033011.633110Z.png,1,15550,2021-07-14T033011
423,15550.2021-07-14T030011.633000Z.png,1,15550,2021-07-14T030011
424,15550.2021-07-14T023011.633110Z.png,1,15550,2021-07-14T023011
425,15550.2021-07-14T020011.633000Z.png,1,15550,2021-07-14T020011
426,15550.2021-07-14T013011.633110Z.png,1,15550,2021-07-14T013011
427,15550.2021-07-14T010011.633000Z.png,1,15550,2021-07-14T010011
428,15550.2021-07-14T003011.633110Z.png,1,15550,2021-07-14T003011
429,15550.2021-07-14T000011.633000Z.png,1,15550,2021-07-14T000011
430,15550.2021-07-13T233011.633110Z.png,1,15550,2021-07-13T233011
431,15550.2021-07-13T230011.633000Z.png,1,15550,2021-07-13T230011
432,15550.2021-07-13T223011.633110Z.png,1,15550,2021-07-13T223011
433,15550.2021-07-13T220011.633000Z.png,1,15550,2021-07-13T220011
434,15550.2021-07-13T213011.633110Z.png,1,15550,2021-07-13T213011
435,15550.2021-07-13T210011.633000Z.png,1,15550,2021-07-13T210011
436,15550.2021-07-13T203011.633110Z.png,1,15550,2021-07-13T203011
437,15550.2021-07-13T200011.633000Z.png,1,15550,2021-07-13T200011
438,15550.2021-07-13T193011.633110Z.png,1,15550,2021-07-13T193011
439,15550.2021-07-13T190011.633000Z.png,1,15550,2021-07-13T190011
440,15550.2021-07-13T183011.633110Z.png,1,15550,2021-07-13T183011
441,15550.2021-07-13T180011.633000Z.png,1,15550,2021-07-13T180011
442,15550.2021-07-13T173011.633110Z.png,1,15550,2021-07-13T173011
443,15550.2021-07-13T170011.633000Z.png,1,15550,2021-07-13T170011
444,15550.2021-07-13T163011.633110Z.png,1,15550,2021-07-13T163011
445,15550.2021-07-13T160011.633000Z.png,1,15550,2021-07-13T160011
446,15550.2021-07-13T153011.633110Z.png,1,15550,2021-07-13T153011
447,15550.2021-07-13T150011.633000Z.png,1,15550,2021-07-13T150011
448,15550.2021-07-13T143011.633110Z.png,1,15550,2021-07-13T143011
449,15550.2021-07-13T140011.633000Z.png,1,15550,2021-07-13T140011
450,15550.2021-07-13T133011.633110Z.png,1,15550,2021-07-13T133011
451,15550.2021-07-13T130011.633000Z.png,1,15550,2021-07-13T130011
452,15550.2021-07-13T123011.633110Z.png,1,15550,2021-07-13T123011
453,15550.2021-07-13T120011.633000Z.png,1,15550,2021-07-13T120011
454,15550.2021-07-13T113011.633110Z.png,1,15550,2021-07-13T113011
455,15550.2021-07-13T110011.633000Z.png,1,15550,2021-07-13T110011
456,15550.2021-07-13T103011.633110Z.png,1,15550,2021-07-13T103011
457,15550.2021-07-13T100011.633000Z.png,1,15550,2021-07-13T100011
458,15550.2021-07-13T093011.633110Z.png,1,15550,2021-07-13T093011
459,15550.2021-07-13T090011.633000Z.png,1,15550,2021-07-13T090011
460,15550.2021-07-13T083011.633110Z.png,1,15550,2021-07-13T083011
461,15550.2021-07-13T080011.633000Z.png,1,15550,2021-07-13T080011
462,15550.2021-07-13T073011.633110Z.png,1,15550,2021-07-13T073011
463,15550.2021-07-13T070011.633000Z.png,1,15550,2021-07-13T070011
464,15550.2021-07-13T063011.633110Z.png,1,15550,2021-07-13T063011
465,15550.2021-07-13T060011.633000Z.png,1,15550,2021-07-13T060011
466,15550.2021-07-13T053011.633110Z.png,1,15550,2021-07-13T053011
467,15550.2021-07-13T050011.633000Z.png,1,15550,2021-07-13T050011
468,15550.2021-07-13T043011.633110Z.png,1,15550,2021-07-13T043011
469,15550.2021-07-13T040011.633000Z.png,1,15550,2021-07-13T040011
470,15550.2021-07-13T033011.633110Z.png,1,15550,2021-07-13T033011
471,15550.2021-07-13T030011.633000Z.png,1,15550,2021-07-13T030011
472,15550.2021-07-13T023011.633110Z.png,1,15550,2021-07-13T023011
473,15550.2021-07-13T020011.633000Z.png,1,15550,2021-07-13T020011
474,15550.2021-07-13T013011.633110Z.png,1,15550,2021-07-13T013011
475,15550.2021-07-13T010011.633000Z.png,1,15550,2021-07-13T010011
476,15550.2021-07-13T003011.633110Z.png,1,15550,2021-07-13T003011
477,15550.2021-07-13T000011.633000Z.png,1,15550,2021-07-13T000011
478,15550.2021-07-12T233011.633110Z.png,1,15550,2021-07-12T233011
479,15550.2021-07-12T230011.633000Z.png,1,15550,2021-07-12T230011
480,15550.2021-07-12T223011.633110Z.png,1,15550,2021-07-12T223011
481,15550.2021-07-12T220011.633000Z.png,1,15550,2021-07-12T220011
482,15550.2021-07-12T213011.633110Z.png,1,15550,2021-07-12T213011
483,15550.2021-07-12T210011.633000Z.png,1,15550,2021-07-12T210011
484,15550.2021-07-12T203011.633110Z.png,1,15550,2021-07-12T203011
485,15550.2021-07-12T200011.633000Z.png,1,15550,2021-07-12T200011
486,15550.2021-07-12T193011.633110Z.png,1,15550,2021-07-12T193011
487,15550.2021-07-12T190011.633000Z.png,1,15550,2021-07-12T190011
488,15550.2021-07-12T183011.633110Z.png,1,15550,2021-07-12T183011
489,15550.2021-07-12T180011.633000Z.png,1,15550,2021-07-12T180011
490,15550.2021-07-12T173011.633110Z.png,1,15550,2021-07-12T173011
491,15550.2021-07-12T170011.633000Z.png,1,15550,2021-07-12T170011
492,15550.2021-07-12T163011.633110Z.png,1,15550,2021-07-12T163011
493,15550.2021-07-12T160011.633000Z.png,1,15550,2021-07-12T160011
494,15550.2021-07-12T153011.633110Z.png,1,15550,2021-07-12T153011
495,15550.2021-07-12T150011.633000Z.png,1,15550,2021-07-12T150011
496,15550.2021-07-12T143011.633110Z.png,1,15550,2021-07-12T143011
497,15550.2021-07-12T140011.633000Z.png,1,15550,2021-07-12T140011
498,15550.2021-07-12T133011.633110Z.png,1,15550,2021-07-12T133011
499,15550.2021-07-12T130011.633000Z.png,1,15550,2021-07-12T130011
500,15550.2021-07-12T123011.633110Z.png,1,15550,2021-07-12T123011
501,15550.2021-07-12T120011.633000Z.png,1,15550,2021-07-12T120011
502,15550.2021-07-12T113011.633110Z.png,1,15550,2021-07-12T113011
503,15550.2021-07-12T110011.633000Z.png,1,15550,2021-07-12T110011
504,15550.2021-07-12T103011.633110Z.png,1,15550,2021-07-12T103011
505,15550.2021-07-12T100011.633000Z.png,1,15550,2021-07-12T100011
506,15550.2021-07-12T093011.633110Z.png,1,15550,2021-07-12T093011
507,15550.2021-07-12T090011.633000Z.png,1,15550,2021-07-12T090011
508,15550.2021-07-12T083011.633110Z.png,1,15550,2021-07-12T083011
509,15550.2021-07-12T080011.633000Z.png,1,15550,2021-07-12T080011
510,15550.2021-07-12T073011.633110Z.png,1,15550,2021-07-12T073011
511,15550.2021-07-12T070011.633000Z.png,1,15550,2021-07-12T070011
512,15550.2021-07-12T063011.633110Z.png,1,15550,2021-07-12T063011
513,15550.2021-07-12T060011.633000Z.png,1,15550,2021-07-12T060011
514,15550.2021-07-12T053011.633110Z.png,1,15550,2021-07-12T053011
515,15550.2021-07-12T050011.633000Z.png,1,15550,2021-07-12T050011
516,15550.2021-07-12T043011.633110Z.png,1,15550,2021-07-12T043011
517,15550.2021-07-12T040011.633000Z.png,1,15550,2021-07-12T040011
518,15550.2021-07-12T033011.633110Z.png,1,15550,2021-07-12T033011
519,15550.2021-07-12T030011.633000Z.png,1,15550,2021-07-12T030011
520,15550.2021-07-12T023011.633110Z.png,1,15550,2021-07-12T023011
521,15550.2021-07-12T020011.633000Z.png,1,15550,2021-07-12T020011
522,15550.2021-07-12T013011.633110Z.png,1,15550,2021-07-12T013011
523,15550.2021-07-12T010011.633000Z.png,1,15550,2021-07-12T010011
524,15550.2021-07-12T003011.633110Z.png,1,15550,2021-07-12T003011
525,15550.2021-07-12T000011.633000Z.png,1,15550,2021-07-12T000011
526,15550.2021-07-11T233011.633110Z.png,1,15550,2021-07-11T233011
527,15550.2021-07-11T230011.633000Z.png,1,15550,2021-07-11T230011
528,15550.2021-07-11T223011.633110Z.png,1,15550,2021-07-11T223011
529,15550.2021-07-11T220011.633000Z.png,1,15550,2021-07-11T220011
530,15550.2021-07-11T213011.633110Z.png,1,15550,2021-07-11T213011
531,15550.2021-07-11T210011.633000Z.png,1,15550,2021-07-11T210011
532,15550.2021-07-11T203011.633110Z.png,1,15550,2021-07-11T203011
533,15550.2021-07-11T200011.633000Z.png,1,15550,2021-07-11T200011
534,15550.2021-07-11T193011.633110Z.png,1,15550,2021-07-11T193011
535,15550.2021-07-11T190011.633000Z.png,1,15550,2021-07-11T190011
536,15550.2021-07-11T183011.633110Z.png,1,15550,2021-07-11T183011
537,15550.2021-07-11T180011.633000Z.png,1,15550,2021-07-11T180011
538,15550.2021-07-11T173011.633110Z.png,1,15550,2021-07-11T173011
539,15550.2021-07-11T170011.633000Z.png,1,15550,2021-07-11T170011
540,15550.2021-07-11T163011.633110Z.png,1,15550,2021-07-11T163011
541,15550.2021-07-11T160011.633000Z.png,1,15550,2021-07-11T160011
542,15550.2021-07-11T153011.633110Z.png,1,15550,2021-07-11T153011
543,15550.2021-07-11T150011.633000Z.png,1,15550,2021-07-11T150011
544,15550.2021-07-11T143011.633110Z.png,1,15550,2021-07-11T143011
545,15550.2021-07-11T140011.633000Z.png,1,15550,2021-07-11T140011
546,15550.2021-07-11T133011.633110Z.png,1,15550,2021-07-11T133011
547,15550.2021-07-11T130011.633000Z.png,1,15550,2021-07-11T130011
548,15550.2021-07-11T123011.633110Z.png,1,15550,2021-07-11T123011
549,15550.2021-07-11T120011.633000Z.png,1,15550,2021-07-11T120011
550,15550.2021-07-11T113011.633110Z.png,1,15550,2021-07-11T113011
551,15550.2021-07-11T110011.633000Z.png,1,15550,2021-07-11T110011
552,15550.2021-07-11T103011.633110Z.png,1,15550,2021-07-11T103011
553,15550.2021-07-11T100011.633000Z.png,1,15550,2021-07-11T100011
554,15550.2021-07-11T093011.633110Z.png,1,15550,2021-07-11T093011
555,15550.2021-07-11T090011.633000Z.png,1,15550,2021-07-11T090011
556,15550.2021-07-11T083011.633110Z.png,1,15550,2021-07-11T083011
557,15550.2021-07-11T080011.633000Z.png,1,15550,2021-07-11T080011
558,15550.2021-07-11T073011.633110Z.png,1,15550,2021-07-11T073011
559,15550.2021-07-11T070011.633000Z.png,1,15550,2021-07-11T070011
560,15550.2021-07-11T063011.633110Z.png,1,15550,2021-07-11T063011
561,15550.2021-07-11T060011.633000Z.png,1,15550,2021-07-11T060011
562,15550.2021-07-11T053011.633110Z.png,1,15550,2021-07-11T053011
563,15550.2021-07-11T050011.633000Z.png,1,15550,2021-07-11T050011
564,15550.2021-07-11T043011.633110Z.png,1,15550,2021-07-11T043011
565,15550.2021-07-11T040011.633000Z.png,1,15550,2021-07-11T040011
566,15550.2021-07-11T033011.633110Z.png,1,15550,2021-07-11T033011
567,15550.2021-07-11T030011.633000Z.png,1,15550,2021-07-11T030011
568,15550.2021-07-11T023011.633110Z.png,1,15550,2021-07-11T023011
569,15550.2021-07-11T020011.633000Z.png,1,15550,2021-07-11T020011
570,15550.2021-07-11T013011.633110Z.png,1,15550,2021-07-11T013011
571,15550.2021-07-11T010011.633000Z.png,1,15550,2021-07-11T010011
572,15550.2021-07-11T003011.633110Z.png,1,15550,2021-07-11T003011
573,15550.2021-07-11T000011.633000Z.png,1,15550,2021-07-11T000011
574,15550.2021-07-10T233011.633110Z.png,1,15550,2021-07-10T233011
575,15550.2021-07-10T230011.633000Z.png,1,15550,2021-07-10T230011
576,15550.2021-07-10T223011.633110Z.png,1,15550,2021-07-10T223011
577,15550.2021-07-10T220011.633000Z.png,1,15550,2021-07-10T220011
578,15550.2021-07-10T213011.633110Z.png,1,15550,2021-07-10T213011
579,15550.2021-07-10T210011.633000Z.png,1,15550,2021-07-10T210011
580,15550.2021-07-10T203011.633110Z.png,1,15550,2021-07-10T203011
581,15550.2021-07-10T200011.633000Z.png,1,15550,2021-07-10T200011
582,15550.2021-07-10T193011.633110Z.png,1,15550,2021-07-10T193011
583,15550.2021-07-10T190011.633000Z.png,1,15550,2021-07-10T190011
584,15550.2021-07-10T183011.633110Z.png,1,15550,2021-07-10T183011
585,15550.2021-07-10T180011.633000Z.png,1,15550,2021-07-10T180011
586,15550.2021-07-10T173011.633110Z.png,1,15550,2021-07-10T173011
587,15550.2021-07-10T170011.633000Z.png,1,15550,2021-07-10T170011
588,15550.2021-07-10T163011.633110Z.png,1,15550,2021-07-10T163011
589,15550.2021-07-10T160011.633000Z.png,1,15550,2021-07-10T160011
590,15550.2021-07-10T153011.633110Z.png,1,15550,2021-07-10T153011
591,15550.2021-07-10T150011.633000Z.png,1,15550,2021-07-10T150011
592,15550.2021-07-10T143011.633110Z.png,1,15550,2021-07-10T143011
593,15550.2021-07-10T140011.633000Z.png,1,15550,2021-07-10T140011
594,15550.2021-07-10T133011.633110Z.png,1,15550,2021-07-10T133011
595,15550.2021-07-10T130011.633000Z.png,1,15550,2021-07-10T130011
596,15550.2021-07-10T123011.633110Z.png,1,15550,2021-07-10T123011
597,15550.2021-07-10T120011.633000Z.png,1,15550,2021-07-10T120011
598,15550.2021-07-10T113011.633110Z.png,1,15550,2021-07-10T113011
599,15550.2021-07-10T110011.633000Z.png,1,15550,2021-07-10T110011
600,15550.2021-07-10T103011.633110Z.png,1,15550,2021-07-10T103011
601,15550.2021-07-10T100011.633000Z.png,1,15550,2021-07-10T100011
602,15550.2021-07-10T093011.633110Z.png,1,15550,2021-07-10T093011
603,15550.2021-07-10T090011.633000Z.png,1,15550,2021-07-10T090011
604,15550.2021-07-10T083011.633110Z.png,1,15550,2021-07-10T083011
605,15550.2021-07-10T080011.633000Z.png,1,15550,2021-07-10T080011
606,15550.2021-07-10T073011.633110Z.png,1,15550,2021-07-10T073011
607,15550.2021-07-10T070011.633000Z.png,1,15550,2021-07-10T070011
608,15550.2021-07-10T063011.633110Z.png,1,15550,2021-07-10T063011
609,15550.2021-07-10T060011.633000Z.png,1,15550,2021-07-10T060011
610,15550.2021-07-10T053011.633110Z.png,1,15550,2021-07-10T053011
611,15550.2021-07-10T050011.633000Z.png,1,15550,2021-07-10T050011
612,15550.2021-07-10T043011.633110Z.png,1,15550,2021-07-10T043011
613,15550.2021-07-10T040011.633000Z.png,1,15550,2021-07-10T040011
614,15550.2021-07-10T033011.633110Z.png,1,15550,2021-07-10T033011
615,15550.2021-07-10T030011.633000Z.png,1,15550,2021-07-10T030011
616,15550.2021-07-10T023011.633110Z.png,1,15550,2021-07-10T023011
617,15550.2021-07-10T020011.633000Z.png,1,15550,2021-07-10T020011
618,15550.2021-07-10T013011.633110Z.png,1,15550,2021-07-10T013011
619,15550.2021-07-10T010011.633000Z.png,1,15550,2021-07-10T010011
620,15550.2021-07-10T003011.633110Z.png,1,15550,2021-07-10T003011
621,15550.2021-07-10T000011.633000Z.png,1,15550,2021-07-10T000011
622,15550.2021-07-09T233011.633110Z.png,1,15550,2021-07-09T233011
623,15550.2021-07-09T230011.633000Z.png,1,15550,2021-07-09T230011
624,15550.2021-07-09T223011.633110Z.png,1,15550,2021-07-09T223011
625,15550.2021-07-09T220011.633000Z.png,1,15550,2021-07-09T220011
626,15550.2021-07-09T213011.633110Z.png,1,15550,2021-07-09T213011
627,15550.2021-07-09T210011.633000Z.png,1,15550,2021-07-09T210011
628,15550.2021-07-09T203011.633110Z.png,1,15550,2021-07-09T203011
629,15550.2021-07-09T200011.633000Z.png,1,15550,2021-07-09T200011
630,15550.2021-07-09T193011.633110Z.png,1,15550,2021-07-09T193011
631,15550.2021-07-09T190011.633000Z.png,1,15550,2021-07-09T190011
632,15550.2021-07-09T183011.633110Z.png,1,15550,2021-07-09T183011
633,15550.2021-07-09T180011.633000Z.png,1,15550,2021-07-09T180011
634,15550.2021-07-09T173011.633110Z.png,1,15550,2021-07-09T173011
635,15550.2021-07-09T170011.633000Z.png,1,15550,2021-07-09T170011
636,15550.2021-07-09T163011.697110Z.png,1,15550,2021-07-09T163011
637,15550.2021-07-09T160011.697000Z.png,1,15550,2021-07-09T160011
638,15550.2021-07-09T153011.697110Z.png,1,15550,2021-07-09T153011
639,15550.2021-07-09T150011.697000Z.png,1,15550,2021-07-09T150011
640,15550.2021-07-09T143010.911110Z.png,0,15550,2021-07-09T143010
641,15550.2021-07-09T140010.911000Z.png,0,15550,2021-07-09T140010
642,15550.2021-07-09T133010.911110Z.png,0,15550,2021-07-09T133010
643,15550.2021-07-09T130010.911000Z.png,0,15550,2021-07-09T130010
644,15550.2021-07-09T123010.911110Z.png,0,15550,2021-07-09T123010
645,15550.2021-07-09T120010.911000Z.png,0,15550,2021-07-09T120010
646,15550.2021-07-09T113010.911110Z.png,0,15550,2021-07-09T113010
647,15550.2021-07-09T110010.911000Z.png,0,15550,2021-07-09T110010
648,15550.2021-07-09T103010.911110Z.png,0,15550,2021-07-09T103010
649,15550.2021-07-09T100010.911000Z.png,0,15550,2021-07-09T100010
650,15550.2021-07-09T093010.911110Z.png,0,15550,2021-07-09T093010
651,15550.2021-07-09T090010.911000Z.png,0,15550,2021-07-09T090010
652,15550.2021-07-09T083010.911110Z.png,0,15550,2021-07-09T083010
653,15550.2021-07-09T080010.911000Z.png,0,15550,2021-07-09T080010
654,15550.2021-07-09T073010.911110Z.png,0,15550,2021-07-09T073010
655,15550.2021-07-09T070010.911000Z.png,0,15550,2021-07-09T070010
656,15550.2021-07-09T063010.911110Z.png,0,15550,2021-07-09T063010
657,15550.2021-07-09T060010.911000Z.png,0,15550,2021-07-09T060010
658,15550.2021-07-09T053010.911110Z.png,0,15550,2021-07-09T053010
659,15550.2021-07-09T050010.911000Z.png,0,15550,2021-07-09T050010
660,15550.2021-07-09T043010.911110Z.png,0,15550,2021-07-09T043010
661,15550.2021-07-09T040010.911000Z.png,0,15550,2021-07-09T040010
662,15550.2021-07-09T033010.911110Z.png,0,15550,2021-07-09T033010
663,15550.2021-07-09T030010.911000Z.png,0,15550,2021-07-09T030010
664,00350.2021-11-16T233014.846110Z.png,1,00350,2021-11-16T233014
665,00350.2021-11-16T230014.846000Z.png,0,00350,2021-11-16T230014
666,00350.2021-11-16T223014.846110Z.png,1,00350,2021-11-16T223014
667,00350.2021-11-16T220014.846000Z.png,0,00350,2021-11-16T220014
668,00350.2021-11-16T213014.846110Z.png,0,00350,2021-11-16T213014
669,00350.2021-11-16T210014.846000Z.png,0,00350,2021-11-16T210014
670,00350.2021-11-16T203014.846110Z.png,0,00350,2021-11-16T203014
671,00350.2021-11-16T200014.846000Z.png,0,00350,2021-11-16T200014
672,00350.2021-11-16T193014.846110Z.png,0,00350,2021-11-16T193014
673,00350.2021-11-16T190014.846000Z.png,0,00350,2021-11-16T190014
674,00350.2021-11-16T183014.846110Z.png,0,00350,2021-11-16T183014
675,00350.2021-11-16T180014.846000Z.png,0,00350,2021-11-16T180014
676,00350.2021-11-16T173014.846110Z.png,0,00350,2021-11-16T173014
677,00350.2021-11-16T170014.846000Z.png,0,00350,2021-11-16T170014
678,00350.2021-11-16T163014.846110Z.png,0,00350,2021-11-16T163014
679,00350.2021-11-16T160014.846000Z.png,0,00350,2021-11-16T160014
680,00350.2021-11-16T153014.846110Z.png,0,00350,2021-11-16T153014
681,00350.2021-11-16T150014.846000Z.png,0,00350,2021-11-16T150014
682,00350.2021-11-16T143014.846110Z.png,0,00350,2021-11-16T143014
683,00350.2021-11-16T140014.846000Z.png,0,00350,2021-11-16T140014
684,00350.2021-11-16T133014.846110Z.png,0,00350,2021-11-16T133014
685,00350.2021-11-16T130014.846000Z.png,0,00350,2021-11-16T130014
686,00350.2021-11-16T123014.846110Z.png,0,00350,2021-11-16T123014
687,00350.2021-11-16T120014.846000Z.png,0,00350,2021-11-16T120014
688,00350.2021-11-16T113014.846110Z.png,0,00350,2021-11-16T113014
689,00350.2021-11-16T110014.846000Z.png,0,00350,2021-11-16T110014
690,00350.2021-11-16T103014.846110Z.png,1,00350,2021-11-16T103014
691,00350.2021-11-16T100014.846000Z.png,1,00350,2021-11-16T100014
692,00350.2021-11-16T093014.846110Z.png,0,00350,2021-11-16T093014
693,00350.2021-11-16T090014.846000Z.png,0,00350,2021-11-16T090014
694,00350.2021-11-16T083014.846110Z.png,0,00350,2021-11-16T083014
695,00350.2021-11-16T080014.846000Z.png,0,00350,2021-11-16T080014
696,00350.2021-11-16T073014.846110Z.png,0,00350,2021-11-16T073014
697,00350.2021-11-16T070014.846000Z.png,0,00350,2021-11-16T070014
698,00350.2021-11-16T063014.846110Z.png,1,00350,2021-11-16T063014
699,00350.2021-11-16T060014.846000Z.png,1,00350,2021-11-16T060014
700,00350.2021-11-16T053014.846110Z.png,0,00350,2021-11-16T053014
701,00350.2021-11-16T050014.846000Z.png,0,00350,2021-11-16T050014
702,00350.2021-11-16T043014.846110Z.png,0,00350,2021-11-16T043014
703,00350.2021-11-16T040014.846000Z.png,0,00350,2021-11-16T040014
704,00350.2021-11-16T033014.846110Z.png,0,00350,2021-11-16T033014
705,00350.2021-11-16T030014.846000Z.png,0,00350,2021-11-16T030014
706,00350.2021-11-16T023014.846110Z.png,0,00350,2021-11-16T023014
707,00350.2021-11-16T020014.846000Z.png,0,00350,2021-11-16T020014
708,00350.2021-11-16T013014.846110Z.png,0,00350,2021-11-16T013014
709,00350.2021-11-16T010014.846000Z.png,0,00350,2021-11-16T010014
710,00350.2021-11-16T003014.846110Z.png,0,00350,2021-11-16T003014
711,00350.2021-11-16T000014.846000Z.png,1,00350,2021-11-16T000014
712,00350.2021-11-15T233014.846110Z.png,0,00350,2021-11-15T233014
713,00350.2021-11-15T230014.846000Z.png,1,00350,2021-11-15T230014
714,00350.2021-11-15T223014.846110Z.png,0,00350,2021-11-15T223014
715,00350.2021-11-15T220014.846000Z.png,0,00350,2021-11-15T220014
716,00350.2021-11-15T213014.846110Z.png,0,00350,2021-11-15T213014
717,00350.2021-11-15T210014.846000Z.png,0,00350,2021-11-15T210014
718,00350.2021-11-15T203014.846110Z.png,0,00350,2021-11-15T203014
719,00350.2021-11-15T200014.846000Z.png,0,00350,2021-11-15T200014
720,00350.2021-11-15T193014.846110Z.png,0,00350,2021-11-15T193014
721,00350.2021-11-15T190014.846000Z.png,0,00350,2021-11-15T190014
722,00350.2021-11-15T183014.846110Z.png,0,00350,2021-11-15T183014
723,00350.2021-11-15T180014.846000Z.png,0,00350,2021-11-15T180014
724,00350.2021-11-15T173014.846110Z.png,0,00350,2021-11-15T173014
725,00350.2021-11-15T170014.846000Z.png,0,00350,2021-11-15T170014
726,00350.2021-11-15T163014.846110Z.png,0,00350,2021-11-15T163014
727,00350.2021-11-15T160014.846000Z.png,0,00350,2021-11-15T160014
728,00350.2021-11-15T153014.846110Z.png,0,00350,2021-11-15T153014
729,00350.2021-11-15T150014.846000Z.png,0,00350,2021-11-15T150014
730,00350.2021-11-15T143014.846110Z.png,0,00350,2021-11-15T143014
731,00350.2021-11-15T140014.846000Z.png,1,00350,2021-11-15T140014
732,00350.2021-11-15T133014.846110Z.png,0,00350,2021-11-15T133014
733,00350.2021-11-15T130014.846000Z.png,0,00350,2021-11-15T130014
734,00350.2021-11-15T123014.846110Z.png,0,00350,2021-11-15T123014
735,00350.2021-11-15T120014.846000Z.png,0,00350,2021-11-15T120014
736,00350.2021-11-15T113014.846110Z.png,0,00350,2021-11-15T113014
737,00350.2021-11-15T110014.846000Z.png,1,00350,2021-11-15T110014
738,00350.2021-11-15T103014.846110Z.png,1,00350,2021-11-15T103014
739,00350.2021-11-15T100014.846000Z.png,0,00350,2021-11-15T100014
740,00350.2021-11-15T093014.846110Z.png,0,00350,2021-11-15T093014
741,00350.2021-11-15T090014.846000Z.png,1,00350,2021-11-15T090014
742,00350.2021-11-15T083014.846110Z.png,1,00350,2021-11-15T083014
743,00350.2021-11-15T080014.846000Z.png,0,00350,2021-11-15T080014
744,00350.2021-11-15T073014.846110Z.png,0,00350,2021-11-15T073014
745,00350.2021-11-15T070014.846000Z.png,0,00350,2021-11-15T070014
746,00350.2021-11-15T063014.846110Z.png,0,00350,2021-11-15T063014
747,00350.2021-11-15T060014.846000Z.png,0,00350,2021-11-15T060014
748,00350.2021-11-15T053014.846110Z.png,0,00350,2021-11-15T053014
749,00350.2021-11-15T050014.846000Z.png,0,00350,2021-11-15T050014
750,00350.2021-11-15T043014.846110Z.png,0,00350,2021-11-15T043014
751,00350.2021-11-15T040014.846000Z.png,0,00350,2021-11-15T040014
752,00350.2021-11-15T033014.846110Z.png,0,00350,2021-11-15T033014
753,00350.2021-11-15T030014.846000Z.png,0,00350,2021-11-15T030014
754,00350.2021-11-15T023014.846110Z.png,0,00350,2021-11-15T023014
755,00350.2021-11-15T020014.846000Z.png,0,00350,2021-11-15T020014
756,00350.2021-11-15T013014.846110Z.png,0,00350,2021-11-15T013014
757,00350.2021-11-15T010014.846000Z.png,0,00350,2021-11-15T010014
758,00350.2021-11-15T003014.846110Z.png,1,00350,2021-11-15T003014
759,00350.2021-11-15T000014.846000Z.png,0,00350,2021-11-15T000014
760,00350.2021-11-14T233014.846110Z.png,0,00350,2021-11-14T233014
761,00350.2021-11-14T230014.846000Z.png,0,00350,2021-11-14T230014
762,00350.2021-11-14T223014.846110Z.png,1,00350,2021-11-14T223014
763,00350.2021-11-14T220014.846000Z.png,0,00350,2021-11-14T220014
764,00350.2021-11-14T213014.846110Z.png,0,00350,2021-11-14T213014
765,00350.2021-11-14T210014.846000Z.png,0,00350,2021-11-14T210014
766,00350.2021-11-14T203014.846110Z.png,0,00350,2021-11-14T203014
767,00350.2021-11-14T200014.846000Z.png,0,00350,2021-11-14T200014
768,00350.2021-11-14T193014.846110Z.png,1,00350,2021-11-14T193014
769,00350.2021-11-14T190014.846000Z.png,0,00350,2021-11-14T190014
770,00350.2021-11-14T183014.846110Z.png,0,00350,2021-11-14T183014
771,00350.2021-11-14T180014.846000Z.png,0,00350,2021-11-14T180014
772,00350.2021-11-14T173014.846110Z.png,0,00350,2021-11-14T173014
773,00350.2021-11-14T170014.846000Z.png,0,00350,2021-11-14T170014
774,00350.2021-11-14T163014.846110Z.png,0,00350,2021-11-14T163014
775,00350.2021-11-14T160014.846000Z.png,0,00350,2021-11-14T160014
776,00350.2021-11-14T153014.846110Z.png,0,00350,2021-11-14T153014
777,00350.2021-11-14T150014.846000Z.png,0,00350,2021-11-14T150014
778,00350.2021-11-14T143014.846110Z.png,1,00350,2021-11-14T143014
779,00350.2021-11-14T140014.846000Z.png,1,00350,2021-11-14T140014
780,00350.2021-11-14T133014.846110Z.png,1,00350,2021-11-14T133014
781,00350.2021-11-14T130014.846000Z.png,0,00350,2021-11-14T130014
782,00350.2021-11-14T123014.846110Z.png,0,00350,2021-11-14T123014
783,00350.2021-11-14T120014.846000Z.png,1,00350,2021-11-14T120014
784,00350.2021-11-14T113014.846110Z.png,0,00350,2021-11-14T113014
785,00350.2021-11-14T110014.846000Z.png,1,00350,2021-11-14T110014
786,00350.2021-11-14T103014.846110Z.png,1,00350,2021-11-14T103014
787,00350.2021-11-14T100014.846000Z.png,1,00350,2021-11-14T100014
788,00350.2021-11-14T093014.846110Z.png,1,00350,2021-11-14T093014
789,00350.2021-11-14T090014.846000Z.png,1,00350,2021-11-14T090014
790,00350.2021-11-14T083014.846110Z.png,1,00350,2021-11-14T083014
791,00350.2021-11-14T080014.846000Z.png,1,00350,2021-11-14T080014
792,00350.2021-11-14T073014.846110Z.png,1,00350,2021-11-14T073014
793,00350.2021-11-14T070014.846000Z.png,1,00350,2021-11-14T070014
794,00350.2021-11-14T063014.846110Z.png,1,00350,2021-11-14T063014
795,00350.2021-11-14T060014.846000Z.png,1,00350,2021-11-14T060014
796,00350.2021-11-14T053014.846110Z.png,1,00350,2021-11-14T053014
797,00350.2021-11-14T050014.846000Z.png,1,00350,2021-11-14T050014
798,00350.2021-11-14T043014.846110Z.png,1,00350,2021-11-14T043014
799,00350.2021-11-14T040014.846000Z.png,1,00350,2021-11-14T040014
800,00350.2021-11-14T033014.846110Z.png,0,00350,2021-11-14T033014
801,00350.2021-11-14T030014.846000Z.png,0,00350,2021-11-14T030014
802,00350.2021-11-14T023014.846110Z.png,0,00350,2021-11-14T023014
803,00350.2021-11-14T020014.846000Z.png,0,00350,2021-11-14T020014
804,00350.2021-11-14T013014.846110Z.png,0,00350,2021-11-14T013014
805,00350.2021-11-14T010014.846000Z.png,0,00350,2021-11-14T010014
806,00350.2021-11-14T003014.846110Z.png,0,00350,2021-11-14T003014
807,00350.2021-11-14T000014.846000Z.png,0,00350,2021-11-14T000014
808,00350.2021-11-13T233014.846110Z.png,0,00350,2021-11-13T233014
809,00350.2021-11-13T230014.846000Z.png,0,00350,2021-11-13T230014
810,00350.2021-11-13T223014.846110Z.png,0,00350,2021-11-13T223014
811,00350.2021-11-13T220014.846000Z.png,0,00350,2021-11-13T220014
812,00350.2021-11-13T213014.846110Z.png,0,00350,2021-11-13T213014
813,00350.2021-11-13T210014.846000Z.png,0,00350,2021-11-13T210014
814,00350.2021-11-13T203014.846110Z.png,0,00350,2021-11-13T203014
815,00350.2021-11-13T200014.846000Z.png,0,00350,2021-11-13T200014
816,00350.2021-11-13T193014.846110Z.png,0,00350,2021-11-13T193014
817,00350.2021-11-13T190014.846000Z.png,0,00350,2021-11-13T190014
818,00350.2021-11-13T183014.846110Z.png,0,00350,2021-11-13T183014
819,00350.2021-11-13T180014.846000Z.png,0,00350,2021-11-13T180014
820,00350.2021-11-13T173014.846110Z.png,0,00350,2021-11-13T173014
821,00350.2021-11-13T170014.846000Z.png,0,00350,2021-11-13T170014
822,00350.2021-11-13T163014.846110Z.png,0,00350,2021-11-13T163014
823,00350.2021-11-13T160014.846000Z.png,0,00350,2021-11-13T160014
824,00350.2021-11-13T153014.846110Z.png,0,00350,2021-11-13T153014
825,00350.2021-11-13T150014.846000Z.png,0,00350,2021-11-13T150014
826,00350.2021-11-13T143014.846110Z.png,0,00350,2021-11-13T143014
827,00350.2021-11-13T140014.846000Z.png,0,00350,2021-11-13T140014
828,00350.2021-11-13T133014.846110Z.png,0,00350,2021-11-13T133014
829,00350.2021-11-13T130014.846000Z.png,0,00350,2021-11-13T130014
830,00350.2021-11-13T123014.846110Z.png,0,00350,2021-11-13T123014
831,00350.2021-11-13T120014.846000Z.png,0,00350,2021-11-13T120014
832,00350.2021-11-13T113014.846110Z.png,0,00350,2021-11-13T113014
833,00350.2021-11-13T110014.846000Z.png,0,00350,2021-11-13T110014
834,00350.2021-11-13T103014.846110Z.png,0,00350,2021-11-13T103014
835,00350.2021-11-13T100014.846000Z.png,0,00350,2021-11-13T100014
836,00350.2021-11-13T093014.846110Z.png,0,00350,2021-11-13T093014
837,00350.2021-11-13T090014.846000Z.png,0,00350,2021-11-13T090014
838,00350.2021-11-13T083014.846110Z.png,0,00350,2021-11-13T083014
839,00350.2021-11-13T080014.846000Z.png,0,00350,2021-11-13T080014
840,00350.2021-11-13T073014.846110Z.png,0,00350,2021-11-13T073014
841,00350.2021-11-13T070014.846000Z.png,0,00350,2021-11-13T070014
842,00350.2021-11-13T063014.846110Z.png,0,00350,2021-11-13T063014
843,00350.2021-11-13T060014.846000Z.png,0,00350,2021-11-13T060014
844,00350.2021-11-13T053014.846110Z.png,0,00350,2021-11-13T053014
845,00350.2021-11-13T050014.846000Z.png,0,00350,2021-11-13T050014
846,00350.2021-11-13T043014.846110Z.png,0,00350,2021-11-13T043014
847,00350.2021-11-13T040014.846000Z.png,0,00350,2021-11-13T040014
848,00350.2021-11-13T033014.846110Z.png,0,00350,2021-11-13T033014
849,00350.2021-11-13T030014.846000Z.png,0,00350,2021-11-13T030014
850,00350.2021-11-13T023014.846110Z.png,0,00350,2021-11-13T023014
851,00350.2021-11-13T020014.846000Z.png,0,00350,2021-11-13T020014
852,00350.2021-11-13T013014.846110Z.png,0,00350,2021-11-13T013014
853,00350.2021-11-13T010014.846000Z.png,0,00350,2021-11-13T010014
854,00350.2021-11-13T003014.846110Z.png,0,00350,2021-11-13T003014
855,00350.2021-11-13T000014.846000Z.png,0,00350,2021-11-13T000014
856,00350.2021-11-12T233014.846110Z.png,0,00350,2021-11-12T233014
857,00350.2021-11-12T230014.846000Z.png,0,00350,2021-11-12T230014
858,00350.2021-11-12T223014.846110Z.png,0,00350,2021-11-12T223014
859,00350.2021-11-12T220014.846000Z.png,0,00350,2021-11-12T220014
860,00350.2021-11-12T213014.846110Z.png,0,00350,2021-11-12T213014
861,00350.2021-11-12T210014.846000Z.png,0,00350,2021-11-12T210014
862,00350.2021-11-12T203014.846110Z.png,0,00350,2021-11-12T203014
863,00350.2021-11-12T200014.846000Z.png,0,00350,2021-11-12T200014
864,00350.2021-11-12T193014.846110Z.png,0,00350,2021-11-12T193014
865,00350.2021-11-12T190014.846000Z.png,0,00350,2021-11-12T190014
866,00350.2021-11-12T183014.846110Z.png,0,00350,2021-11-12T183014
867,00350.2021-11-12T180014.846000Z.png,0,00350,2021-11-12T180014
868,00350.2021-11-12T173014.846110Z.png,0,00350,2021-11-12T173014
869,00350.2021-11-12T170014.846000Z.png,0,00350,2021-11-12T170014
870,00350.2021-11-12T163014.846110Z.png,0,00350,2021-11-12T163014
871,00350.2021-11-12T160014.846000Z.png,0,00350,2021-11-12T160014
872,00350.2021-11-12T153014.846110Z.png,0,00350,2021-11-12T153014
873,00350.2021-11-12T150014.846000Z.png,0,00350,2021-11-12T150014
874,00350.2021-11-12T143014.846110Z.png,0,00350,2021-11-12T143014
875,00350.2021-11-12T140014.846000Z.png,0,00350,2021-11-12T140014
876,00350.2021-11-12T133014.846110Z.png,0,00350,2021-11-12T133014
877,00350.2021-11-12T130014.846000Z.png,0,00350,2021-11-12T130014
878,00350.2021-11-12T123014.846110Z.png,0,00350,2021-11-12T123014
879,00350.2021-11-12T120014.846000Z.png,0,00350,2021-11-12T120014
880,00350.2021-11-12T113014.846110Z.png,0,00350,2021-11-12T113014
881,00350.2021-11-12T110014.846000Z.png,0,00350,2021-11-12T110014
882,00350.2021-11-12T103014.846110Z.png,0,00350,2021-11-12T103014
883,00350.2021-11-12T100014.846000Z.png,0,00350,2021-11-12T100014
884,00350.2021-11-12T093014.846110Z.png,0,00350,2021-11-12T093014
885,00350.2021-11-12T090014.846000Z.png,0,00350,2021-11-12T090014
886,00350.2021-11-12T083014.846110Z.png,0,00350,2021-11-12T083014
887,00350.2021-11-12T080014.846000Z.png,0,00350,2021-11-12T080014
888,00350.2021-11-12T073014.846110Z.png,0,00350,2021-11-12T073014
889,00350.2021-11-12T070014.846000Z.png,0,00350,2021-11-12T070014
890,00350.2021-11-12T063014.846110Z.png,0,00350,2021-11-12T063014
891,00350.2021-11-12T060014.846000Z.png,0,00350,2021-11-12T060014
892,00350.2021-11-12T053014.846110Z.png,0,00350,2021-11-12T053014
893,00350.2021-11-12T050014.846000Z.png,0,00350,2021-11-12T050014
894,00350.2021-11-12T043014.846110Z.png,0,00350,2021-11-12T043014
895,00350.2021-11-12T040014.846000Z.png,0,00350,2021-11-12T040014
896,00350.2021-11-12T033014.846110Z.png,0,00350,2021-11-12T033014
897,00350.2021-11-12T030014.846000Z.png,0,00350,2021-11-12T030014
898,00350.2021-11-12T023014.846110Z.png,0,00350,2021-11-12T023014
899,00350.2021-11-12T020014.846000Z.png,0,00350,2021-11-12T020014
900,00350.2021-11-12T013014.846110Z.png,0,00350,2021-11-12T013014
901,00350.2021-11-12T010014.846000Z.png,0,00350,2021-11-12T010014
902,00350.2021-11-12T003014.846110Z.png,0,00350,2021-11-12T003014
903,00350.2021-11-12T000014.846000Z.png,0,00350,2021-11-12T000014
904,00350.2021-11-11T233014.846110Z.png,0,00350,2021-11-11T233014
905,00350.2021-11-11T230014.846000Z.png,0,00350,2021-11-11T230014
906,00350.2021-11-11T223014.846110Z.png,0,00350,2021-11-11T223014
907,00350.2021-11-11T220014.846000Z.png,0,00350,2021-11-11T220014
908,00350.2021-11-11T213014.846110Z.png,0,00350,2021-11-11T213014
909,00350.2021-11-11T210014.846000Z.png,0,00350,2021-11-11T210014
910,00350.2021-11-11T203014.846110Z.png,0,00350,2021-11-11T203014
911,00350.2021-11-11T200014.846000Z.png,0,00350,2021-11-11T200014
912,00350.2021-11-11T193014.846110Z.png,0,00350,2021-11-11T193014
913,00350.2021-11-11T190014.846000Z.png,0,00350,2021-11-11T190014
914,00350.2021-11-11T183014.846110Z.png,0,00350,2021-11-11T183014
915,00350.2021-11-11T180014.846000Z.png,0,00350,2021-11-11T180014
916,00350.2021-11-11T173014.846110Z.png,0,00350,2021-11-11T173014
917,00350.2021-11-11T170014.846000Z.png,0,00350,2021-11-11T170014
918,00350.2021-11-11T163014.846110Z.png,0,00350,2021-11-11T163014
919,00350.2021-11-11T160014.846000Z.png,0,00350,2021-11-11T160014
920,00350.2021-11-11T153014.846110Z.png,0,00350,2021-11-11T153014
921,00350.2021-11-11T150014.846000Z.png,0,00350,2021-11-11T150014
922,00350.2021-11-11T143014.846110Z.png,0,00350,2021-11-11T143014
923,00350.2021-11-11T140014.846000Z.png,0,00350,2021-11-11T140014
924,00350.2021-11-11T133014.846110Z.png,0,00350,2021-11-11T133014
925,00350.2021-11-11T130014.846000Z.png,0,00350,2021-11-11T130014
926,00350.2021-11-11T123014.846110Z.png,0,00350,2021-11-11T123014
927,00350.2021-11-11T120014.846000Z.png,0,00350,2021-11-11T120014
928,00350.2021-11-11T113014.846110Z.png,0,00350,2021-11-11T113014
929,00350.2021-11-11T110014.846000Z.png,0,00350,2021-11-11T110014
930,00350.2021-11-11T103014.846110Z.png,0,00350,2021-11-11T103014
931,00350.2021-11-11T100014.846000Z.png,0,00350,2021-11-11T100014
932,00350.2021-11-11T093014.846110Z.png,0,00350,2021-11-11T093014
933,00350.2021-11-11T090014.846000Z.png,0,00350,2021-11-11T090014
934,00350.2021-11-11T083014.846110Z.png,0,00350,2021-11-11T083014
935,00350.2021-11-11T080014.846000Z.png,0,00350,2021-11-11T080014
936,00350.2021-11-11T073014.846110Z.png,0,00350,2021-11-11T073014
937,00350.2021-11-11T070014.846000Z.png,0,00350,2021-11-11T070014
938,00350.2021-11-11T063014.846110Z.png,0,00350,2021-11-11T063014
939,00350.2021-11-11T060014.846000Z.png,0,00350,2021-11-11T060014
940,00350.2021-11-11T053014.846110Z.png,0,00350,2021-11-11T053014
941,00350.2021-11-11T050014.846000Z.png,0,00350,2021-11-11T050014
942,00350.2021-11-11T043014.846110Z.png,0,00350,2021-11-11T043014
943,00350.2021-11-11T040014.846000Z.png,0,00350,2021-11-11T040014
944,00350.2021-11-11T033014.846110Z.png,0,00350,2021-11-11T033014
945,00350.2021-11-11T030014.846000Z.png,0,00350,2021-11-11T030014
946,00350.2021-11-11T023014.846110Z.png,0,00350,2021-11-11T023014
947,00350.2021-11-11T020014.846000Z.png,0,00350,2021-11-11T020014
948,00350.2021-11-11T013014.846110Z.png,0,00350,2021-11-11T013014
949,00350.2021-11-11T010014.846000Z.png,0,00350,2021-11-11T010014
950,00350.2021-11-11T003007.174110Z.png,0,00350,2021-11-11T003007
951,00350.2021-11-11T000007.174000Z.png,0,00350,2021-11-11T000007
952,00350.2021-11-10T233007.174110Z.png,0,00350,2021-11-10T233007
953,00350.2021-11-10T230007.174000Z.png,0,00350,2021-11-10T230007
954,00350.2021-11-10T223007.174110Z.png,0,00350,2021-11-10T223007
955,00350.2021-11-10T220007.174000Z.png,0,00350,2021-11-10T220007
956,00350.2021-11-10T213007.174110Z.png,0,00350,2021-11-10T213007
957,00350.2021-11-10T210007.174000Z.png,0,00350,2021-11-10T210007
958,00350.2021-11-10T203007.174110Z.png,0,00350,2021-11-10T203007
959,00350.2021-11-10T200007.174000Z.png,0,00350,2021-11-10T200007
960,00350.2021-11-10T193007.174110Z.png,0,00350,2021-11-10T193007
961,00350.2021-11-10T190007.174000Z.png,0,00350,2021-11-10T190007
962,00350.2021-11-10T183007.174110Z.png,0,00350,2021-11-10T183007
963,00350.2021-11-10T180007.174000Z.png,0,00350,2021-11-10T180007
964,00350.2021-11-10T173007.174110Z.png,0,00350,2021-11-10T173007
965,00350.2021-11-10T170007.174000Z.png,0,00350,2021-11-10T170007
966,00350.2021-11-10T163007.174110Z.png,0,00350,2021-11-10T163007
967,00350.2021-11-10T160007.174000Z.png,0,00350,2021-11-10T160007
968,00350.2021-11-10T153007.174110Z.png,0,00350,2021-11-10T153007
969,00350.2021-11-10T150007.174000Z.png,0,00350,2021-11-10T150007
970,00350.2021-11-10T143007.174110Z.png,1,00350,2021-11-10T143007
971,00350.2021-11-10T140007.174000Z.png,1,00350,2021-11-10T140007
972,00350.2021-11-10T133007.174110Z.png,0,00350,2021-11-10T133007
973,00350.2021-11-10T130007.174000Z.png,0,00350,2021-11-10T130007
974,00350.2021-11-10T123007.174110Z.png,0,00350,2021-11-10T123007
975,00350.2021-11-10T120007.174000Z.png,0,00350,2021-11-10T120007
976,00350.2021-11-10T113007.174110Z.png,0,00350,2021-11-10T113007
977,00350.2021-11-10T110007.174000Z.png,0,00350,2021-11-10T110007
978,00350.2021-11-10T103007.174110Z.png,0,00350,2021-11-10T103007
979,00350.2021-11-10T100007.174000Z.png,0,00350,2021-11-10T100007
980,00350.2021-11-10T093007.174110Z.png,0,00350,2021-11-10T093007
981,00350.2021-11-10T090007.174000Z.png,0,00350,2021-11-10T090007
982,00350.2021-11-10T083007.174110Z.png,0,00350,2021-11-10T083007
983,00350.2021-11-10T080007.174000Z.png,0,00350,2021-11-10T080007
984,00350.2021-11-10T073007.174110Z.png,0,00350,2021-11-10T073007
985,00350.2021-11-10T070007.174000Z.png,0,00350,2021-11-10T070007
986,00350.2021-11-10T063007.174110Z.png,0,00350,2021-11-10T063007
987,00350.2021-11-10T060007.174000Z.png,0,00350,2021-11-10T060007
988,00350.2021-11-10T053007.174110Z.png,0,00350,2021-11-10T053007
989,00350.2021-11-10T050007.174000Z.png,0,00350,2021-11-10T050007
990,00350.2021-11-10T043007.174110Z.png,0,00350,2021-11-10T043007
991,00350.2021-11-10T040007.174000Z.png,0,00350,2021-11-10T040007
992,00350.2021-11-10T033007.174110Z.png,0,00350,2021-11-10T033007
993,00350.2021-11-10T030007.174000Z.png,0,00350,2021-11-10T030007
994,00350.2021-11-10T023007.174110Z.png,0,00350,2021-11-10T023007
995,00350.2021-11-10T020007.174000Z.png,0,00350,2021-11-10T020007
996,00350.2021-11-10T013007.174110Z.png,0,00350,2021-11-10T013007
997,00350.2021-11-10T010007.174000Z.png,0,00350,2021-11-10T010007
998,00350.2021-11-10T003007.174110Z.png,0,00350,2021-11-10T003007
999,00350.2021-11-10T000007.174000Z.png,0,00350,2021-11-10T000007
1000,00350.2021-11-09T233007.174110Z.png,0,00350,2021-11-09T233007
1001,00350.2021-11-09T230007.174000Z.png,0,00350,2021-11-09T230007
1002,00350.2021-11-09T223007.174110Z.png,0,00350,2021-11-09T223007
1003,00350.2021-11-09T220007.174000Z.png,0,00350,2021-11-09T220007
1004,00350.2021-07-15T203011.633110Z.png,0,00350,2021-07-15T203011
1005,00350.2021-07-15T200011.633000Z.png,0,00350,2021-07-15T200011
1006,00350.2021-07-15T193011.633110Z.png,0,00350,2021-07-15T193011
1007,00350.2021-07-15T190011.633000Z.png,0,00350,2021-07-15T190011
1008,00350.2021-07-15T183011.633110Z.png,0,00350,2021-07-15T183011
1009,00350.2021-07-15T180011.633000Z.png,0,00350,2021-07-15T180011
1010,00350.2021-07-15T173011.633110Z.png,0,00350,2021-07-15T173011
1011,00350.2021-07-15T170011.633000Z.png,0,00350,2021-07-15T170011
1012,00350.2021-07-15T163011.633110Z.png,0,00350,2021-07-15T163011
1013,00350.2021-07-15T160011.633000Z.png,0,00350,2021-07-15T160011
1014,00350.2021-07-15T153011.633110Z.png,0,00350,2021-07-15T153011
1015,00350.2021-07-15T150011.633000Z.png,0,00350,2021-07-15T150011
1016,00350.2021-07-15T143011.633110Z.png,0,00350,2021-07-15T143011
1017,00350.2021-07-15T140011.633000Z.png,0,00350,2021-07-15T140011
1018,00350.2021-07-15T133011.633110Z.png,0,00350,2021-07-15T133011
1019,00350.2021-07-15T130011.633000Z.png,0,00350,2021-07-15T130011
1020,00350.2021-07-15T123011.633110Z.png,0,00350,2021-07-15T123011
1021,00350.2021-07-15T120011.633000Z.png,0,00350,2021-07-15T120011
1022,00350.2021-07-15T113011.633110Z.png,0,00350,2021-07-15T113011
1023,00350.2021-07-15T110011.633000Z.png,0,00350,2021-07-15T110011
1024,00350.2021-07-15T103011.633110Z.png,0,00350,2021-07-15T103011
1025,00350.2021-07-15T100011.633000Z.png,0,00350,2021-07-15T100011
1026,00350.2021-07-15T093011.633110Z.png,0,00350,2021-07-15T093011
1027,00350.2021-07-15T090011.633000Z.png,0,00350,2021-07-15T090011
1028,00350.2021-07-15T083011.633110Z.png,0,00350,2021-07-15T083011
1029,00350.2021-07-15T080011.633000Z.png,0,00350,2021-07-15T080011
1030,00350.2021-07-15T073011.633110Z.png,0,00350,2021-07-15T073011
1031,00350.2021-07-15T070011.633000Z.png,0,00350,2021-07-15T070011
1032,00350.2021-07-15T063011.633110Z.png,0,00350,2021-07-15T063011
1033,00350.2021-07-15T060011.633000Z.png,0,00350,2021-07-15T060011
1034,00350.2021-07-15T053011.633110Z.png,0,00350,2021-07-15T053011
1035,00350.2021-07-15T050011.633000Z.png,0,00350,2021-07-15T050011
1036,00350.2021-07-15T043011.633110Z.png,0,00350,2021-07-15T043011
1037,00350.2021-07-15T040011.633000Z.png,0,00350,2021-07-15T040011
1038,00350.2021-07-15T033011.633110Z.png,0,00350,2021-07-15T033011
1039,00350.2021-07-15T030011.633000Z.png,0,00350,2021-07-15T030011
1040,00350.2021-07-15T023011.633110Z.png,0,00350,2021-07-15T023011
1041,00350.2021-07-15T020011.633000Z.png,0,00350,2021-07-15T020011
1042,00350.2021-07-15T013011.633110Z.png,0,00350,2021-07-15T013011
1043,00350.2021-07-15T010011.633000Z.png,0,00350,2021-07-15T010011
1044,00350.2021-07-15T003011.633110Z.png,0,00350,2021-07-15T003011
1045,00350.2021-07-15T000011.633000Z.png,0,00350,2021-07-15T000011
1046,00350.2021-07-14T233011.633110Z.png,0,00350,2021-07-14T233011
1047,00350.2021-07-14T230011.633000Z.png,0,00350,2021-07-14T230011
1048,00350.2021-07-14T223011.633110Z.png,0,00350,2021-07-14T223011
1049,00350.2021-07-14T220011.633000Z.png,0,00350,2021-07-14T220011
1050,00350.2021-07-14T213011.633110Z.png,0,00350,2021-07-14T213011
1051,00350.2021-07-14T210011.633000Z.png,0,00350,2021-07-14T210011
1052,00350.2021-07-14T203011.633110Z.png,0,00350,2021-07-14T203011
1053,00350.2021-07-14T200011.633000Z.png,0,00350,2021-07-14T200011
1054,00350.2021-07-14T193011.633110Z.png,0,00350,2021-07-14T193011
1055,00350.2021-07-14T190011.633000Z.png,0,00350,2021-07-14T190011
1056,00350.2021-07-14T183011.633110Z.png,0,00350,2021-07-14T183011
1057,00350.2021-07-14T180011.633000Z.png,0,00350,2021-07-14T180011
1058,00350.2021-07-14T173011.633110Z.png,0,00350,2021-07-14T173011
1059,00350.2021-07-14T170011.633000Z.png,0,00350,2021-07-14T170011
1060,00350.2021-07-14T163011.633110Z.png,0,00350,2021-07-14T163011
1061,00350.2021-07-14T160011.633000Z.png,0,00350,2021-07-14T160011
1062,00350.2021-07-14T153011.633110Z.png,0,00350,2021-07-14T153011
1063,00350.2021-07-14T150011.633000Z.png,0,00350,2021-07-14T150011
1064,00350.2021-07-14T143011.633110Z.png,0,00350,2021-07-14T143011
1065,00350.2021-07-14T140011.633000Z.png,0,00350,2021-07-14T140011
1066,00350.2021-07-14T133011.633110Z.png,0,00350,2021-07-14T133011
1067,00350.2021-07-14T130011.633000Z.png,0,00350,2021-07-14T130011
1068,00350.2021-07-14T123011.633110Z.png,0,00350,2021-07-14T123011
1069,00350.2021-07-14T120011.633000Z.png,0,00350,2021-07-14T120011
1070,00350.2021-07-14T113011.633110Z.png,0,00350,2021-07-14T113011
1071,00350.2021-07-14T110011.633000Z.png,0,00350,2021-07-14T110011
1072,00350.2021-07-14T103011.633110Z.png,0,00350,2021-07-14T103011
1073,00350.2021-07-14T100011.633000Z.png,0,00350,2021-07-14T100011
1074,00350.2021-07-14T093011.633110Z.png,0,00350,2021-07-14T093011
1075,00350.2021-07-14T090011.633000Z.png,0,00350,2021-07-14T090011
1076,00350.2021-07-14T083011.633110Z.png,0,00350,2021-07-14T083011
1077,00350.2021-07-14T080011.633000Z.png,0,00350,2021-07-14T080011
1078,00350.2021-07-14T073011.633110Z.png,0,00350,2021-07-14T073011
1079,00350.2021-07-14T070011.633000Z.png,0,00350,2021-07-14T070011
1080,00350.2021-07-14T063011.633110Z.png,0,00350,2021-07-14T063011
1081,00350.2021-07-14T060011.633000Z.png,0,00350,2021-07-14T060011
1082,00350.2021-07-14T053011.633110Z.png,0,00350,2021-07-14T053011
1083,00350.2021-07-14T050011.633000Z.png,0,00350,2021-07-14T050011
1084,00350.2021-07-14T043011.633110Z.png,0,00350,2021-07-14T043011
1085,00350.2021-07-14T040011.633000Z.png,0,00350,2021-07-14T040011
1086,00350.2021-07-14T033011.633110Z.png,0,00350,2021-07-14T033011
1087,00350.2021-07-14T030011.633000Z.png,0,00350,2021-07-14T030011
1088,00350.2021-07-14T023011.633110Z.png,0,00350,2021-07-14T023011
1089,00350.2021-07-14T020011.633000Z.png,0,00350,2021-07-14T020011
1090,00350.2021-07-14T013011.633110Z.png,0,00350,2021-07-14T013011
1091,00350.2021-07-14T010011.633000Z.png,0,00350,2021-07-14T010011
1092,00350.2021-07-14T003011.633110Z.png,0,00350,2021-07-14T003011
1093,00350.2021-07-14T000011.633000Z.png,0,00350,2021-07-14T000011
1094,00350.2021-07-13T233011.633110Z.png,0,00350,2021-07-13T233011
1095,00350.2021-07-13T230011.633000Z.png,0,00350,2021-07-13T230011
1096,00350.2021-07-13T223011.633110Z.png,0,00350,2021-07-13T223011
1097,00350.2021-07-13T220011.633000Z.png,0,00350,2021-07-13T220011
1098,00350.2021-07-13T213011.633110Z.png,0,00350,2021-07-13T213011
1099,00350.2021-07-13T210011.633000Z.png,0,00350,2021-07-13T210011
1100,00350.2021-07-13T203011.633110Z.png,0,00350,2021-07-13T203011
1101,00350.2021-07-13T200011.633000Z.png,0,00350,2021-07-13T200011
1102,00350.2021-07-13T193011.633110Z.png,0,00350,2021-07-13T193011
1103,00350.2021-07-13T190011.633000Z.png,0,00350,2021-07-13T190011
1104,00350.2021-07-13T183011.633110Z.png,0,00350,2021-07-13T183011
1105,00350.2021-07-13T180011.633000Z.png,0,00350,2021-07-13T180011
1106,00350.2021-07-13T173011.633110Z.png,0,00350,2021-07-13T173011
1107,00350.2021-07-13T170011.633000Z.png,0,00350,2021-07-13T170011
1108,00350.2021-07-13T163011.633110Z.png,0,00350,2021-07-13T163011
1109,00350.2021-07-13T160011.633000Z.png,0,00350,2021-07-13T160011
1110,00350.2021-07-13T153011.633110Z.png,0,00350,2021-07-13T153011
1111,00350.2021-07-13T150011.633000Z.png,0,00350,2021-07-13T150011
1112,00350.2021-07-13T143011.633110Z.png,0,00350,2021-07-13T143011
1113,00350.2021-07-13T140011.633000Z.png,0,00350,2021-07-13T140011
1114,00350.2021-07-13T133011.633110Z.png,0,00350,2021-07-13T133011
1115,00350.2021-07-13T130011.633000Z.png,0,00350,2021-07-13T130011
1116,00350.2021-07-13T123011.633110Z.png,0,00350,2021-07-13T123011
1117,00350.2021-07-13T120011.633000Z.png,0,00350,2021-07-13T120011
1118,00350.2021-07-13T113011.633110Z.png,0,00350,2021-07-13T113011
1119,00350.2021-07-13T110011.633000Z.png,0,00350,2021-07-13T110011
1120,00350.2021-07-13T103011.633110Z.png,0,00350,2021-07-13T103011
1121,00350.2021-07-13T100011.633000Z.png,0,00350,2021-07-13T100011
1122,00350.2021-07-13T093011.633110Z.png,0,00350,2021-07-13T093011
1123,00350.2021-07-13T090011.633000Z.png,0,00350,2021-07-13T090011
1124,00350.2021-07-13T083011.633110Z.png,0,00350,2021-07-13T083011
1125,00350.2021-07-13T080011.633000Z.png,0,00350,2021-07-13T080011
1126,00350.2021-07-13T073011.633110Z.png,0,00350,2021-07-13T073011
1127,00350.2021-07-13T070011.633000Z.png,0,00350,2021-07-13T070011
1128,00350.2021-07-13T063011.633110Z.png,0,00350,2021-07-13T063011
1129,00350.2021-07-13T060011.633000Z.png,0,00350,2021-07-13T060011
1130,00350.2021-07-13T053011.633110Z.png,0,00350,2021-07-13T053011
1131,00350.2021-07-13T050011.633000Z.png,0,00350,2021-07-13T050011
1132,00350.2021-07-13T043011.633110Z.png,0,00350,2021-07-13T043011
1133,00350.2021-07-13T040011.633000Z.png,0,00350,2021-07-13T040011
1134,00350.2021-07-13T033011.633110Z.png,0,00350,2021-07-13T033011
1135,00350.2021-07-13T030011.633000Z.png,0,00350,2021-07-13T030011
1136,00350.2021-07-13T023011.633110Z.png,0,00350,2021-07-13T023011
1137,00350.2021-07-13T020011.633000Z.png,0,00350,2021-07-13T020011
1138,00350.2021-07-13T013011.633110Z.png,0,00350,2021-07-13T013011
1139,00350.2021-07-13T010011.633000Z.png,0,00350,2021-07-13T010011
1140,00350.2021-07-13T003011.633110Z.png,0,00350,2021-07-13T003011
1141,00350.2021-07-13T000011.633000Z.png,0,00350,2021-07-13T000011
1142,00350.2021-07-12T233011.633110Z.png,0,00350,2021-07-12T233011
1143,00350.2021-07-12T230011.633000Z.png,0,00350,2021-07-12T230011
1144,00350.2021-07-12T223011.633110Z.png,0,00350,2021-07-12T223011
1145,00350.2021-07-12T220011.633000Z.png,0,00350,2021-07-12T220011
1146,00350.2021-07-12T213011.633110Z.png,0,00350,2021-07-12T213011
1147,00350.2021-07-12T210011.633000Z.png,0,00350,2021-07-12T210011
1148,00350.2021-07-12T203011.633110Z.png,0,00350,2021-07-12T203011
1149,00350.2021-07-12T200011.633000Z.png,0,00350,2021-07-12T200011
1150,00350.2021-07-12T193011.633110Z.png,0,00350,2021-07-12T193011
1151,00350.2021-07-12T190011.633000Z.png,0,00350,2021-07-12T190011
1152,00350.2021-07-12T183011.633110Z.png,0,00350,2021-07-12T183011
1153,00350.2021-07-12T180011.633000Z.png,0,00350,2021-07-12T180011
1154,00350.2021-07-12T173011.633110Z.png,0,00350,2021-07-12T173011
1155,00350.2021-07-12T170011.633000Z.png,0,00350,2021-07-12T170011
1156,00350.2021-07-12T163011.633110Z.png,0,00350,2021-07-12T163011
1157,00350.2021-07-12T160011.633000Z.png,0,00350,2021-07-12T160011
1158,00350.2021-07-12T153011.633110Z.png,0,00350,2021-07-12T153011
1159,00350.2021-07-12T150011.633000Z.png,0,00350,2021-07-12T150011
1160,00350.2021-07-12T143011.633110Z.png,0,00350,2021-07-12T143011
1161,00350.2021-07-12T140011.633000Z.png,0,00350,2021-07-12T140011
1162,00350.2021-07-12T133011.633110Z.png,0,00350,2021-07-12T133011
1163,00350.2021-07-12T130011.633000Z.png,0,00350,2021-07-12T130011
1164,00350.2021-07-12T123011.633110Z.png,0,00350,2021-07-12T123011
1165,00350.2021-07-12T120011.633000Z.png,0,00350,2021-07-12T120011
1166,00350.2021-07-12T113011.633110Z.png,0,00350,2021-07-12T113011
1167,00350.2021-07-12T110011.633000Z.png,0,00350,2021-07-12T110011
1168,00350.2021-07-12T103011.633110Z.png,0,00350,2021-07-12T103011
1169,00350.2021-07-12T100011.633000Z.png,0,00350,2021-07-12T100011
1170,00350.2021-07-12T093011.633110Z.png,0,00350,2021-07-12T093011
1171,00350.2021-07-12T090011.633000Z.png,0,00350,2021-07-12T090011
1172,00350.2021-07-12T083011.633110Z.png,0,00350,2021-07-12T083011
1173,00350.2021-07-12T080011.633000Z.png,0,00350,2021-07-12T080011
1174,00350.2021-07-12T073011.633110Z.png,0,00350,2021-07-12T073011
1175,00350.2021-07-12T070011.633000Z.png,0,00350,2021-07-12T070011
1176,00350.2021-07-12T063011.633110Z.png,0,00350,2021-07-12T063011
1177,00350.2021-07-12T060011.633000Z.png,0,00350,2021-07-12T060011
1178,00350.2021-07-12T053011.633110Z.png,0,00350,2021-07-12T053011
1179,00350.2021-07-12T050011.633000Z.png,0,00350,2021-07-12T050011
1180,00350.2021-07-12T043011.633110Z.png,0,00350,2021-07-12T043011
1181,00350.2021-07-12T040011.633000Z.png,0,00350,2021-07-12T040011
1182,00350.2021-07-12T033011.633110Z.png,0,00350,2021-07-12T033011
1183,00350.2021-07-12T030011.633000Z.png,0,00350,2021-07-12T030011
1184,00350.2021-07-12T023011.633110Z.png,0,00350,2021-07-12T023011
1185,00350.2021-07-12T020011.633000Z.png,0,00350,2021-07-12T020011
1186,00350.2021-07-12T013011.633110Z.png,0,00350,2021-07-12T013011
1187,00350.2021-07-12T010011.633000Z.png,0,00350,2021-07-12T010011
1188,00350.2021-07-12T003011.633110Z.png,0,00350,2021-07-12T003011
1189,00350.2021-07-12T000011.633000Z.png,0,00350,2021-07-12T000011
1190,00350.2021-07-11T233011.633110Z.png,0,00350,2021-07-11T233011
1191,00350.2021-07-11T230011.633000Z.png,0,00350,2021-07-11T230011
1192,00350.2021-07-11T223011.633110Z.png,0,00350,2021-07-11T223011
1193,00350.2021-07-11T220011.633000Z.png,0,00350,2021-07-11T220011
1194,00350.2021-07-11T213011.633110Z.png,0,00350,2021-07-11T213011
1195,00350.2021-07-11T210011.633000Z.png,0,00350,2021-07-11T210011
1196,00350.2021-07-11T203011.633110Z.png,0,00350,2021-07-11T203011
1197,00350.2021-07-11T200011.633000Z.png,0,00350,2021-07-11T200011
1198,00350.2021-07-11T193011.633110Z.png,0,00350,2021-07-11T193011
1199,00350.2021-07-11T190011.633000Z.png,0,00350,2021-07-11T190011
1200,00350.2021-07-11T183011.633110Z.png,0,00350,2021-07-11T183011
1201,00350.2021-07-11T180011.633000Z.png,0,00350,2021-07-11T180011
1202,00350.2021-07-11T173011.633110Z.png,0,00350,2021-07-11T173011
1203,00350.2021-07-11T170011.633000Z.png,0,00350,2021-07-11T170011
1204,00350.2021-07-11T163011.633110Z.png,0,00350,2021-07-11T163011
1205,00350.2021-07-11T160011.633000Z.png,0,00350,2021-07-11T160011
1206,00350.2021-07-11T153011.633110Z.png,0,00350,2021-07-11T153011
1207,00350.2021-07-11T150011.633000Z.png,0,00350,2021-07-11T150011
1208,00350.2021-07-11T143011.633110Z.png,0,00350,2021-07-11T143011
1209,00350.2021-07-11T140011.633000Z.png,0,00350,2021-07-11T140011
1210,00350.2021-07-11T133011.633110Z.png,0,00350,2021-07-11T133011
1211,00350.2021-07-11T130011.633000Z.png,0,00350,2021-07-11T130011
1212,00350.2021-07-11T123011.633110Z.png,0,00350,2021-07-11T123011
1213,00350.2021-07-11T120011.633000Z.png,0,00350,2021-07-11T120011
1214,00350.2021-07-11T113011.633110Z.png,0,00350,2021-07-11T113011
1215,00350.2021-07-11T110011.633000Z.png,0,00350,2021-07-11T110011
1216,00350.2021-07-11T103011.633110Z.png,0,00350,2021-07-11T103011
1217,00350.2021-07-11T100011.633000Z.png,0,00350,2021-07-11T100011
1218,00350.2021-07-11T093011.633110Z.png,0,00350,2021-07-11T093011
1219,00350.2021-07-11T090011.633000Z.png,0,00350,2021-07-11T090011
1220,00350.2021-07-11T083011.633110Z.png,0,00350,2021-07-11T083011
1221,00350.2021-07-11T080011.633000Z.png,0,00350,2021-07-11T080011
1222,00350.2021-07-11T073011.633110Z.png,0,00350,2021-07-11T073011
1223,00350.2021-07-11T070011.633000Z.png,0,00350,2021-07-11T070011
1224,00350.2021-07-11T063011.633110Z.png,0,00350,2021-07-11T063011
1225,00350.2021-07-11T060011.633000Z.png,0,00350,2021-07-11T060011
1226,00350.2021-07-11T053011.633110Z.png,0,00350,2021-07-11T053011
1227,00350.2021-07-11T050011.633000Z.png,0,00350,2021-07-11T050011
1228,00350.2021-07-11T043011.633110Z.png,0,00350,2021-07-11T043011
1229,00350.2021-07-11T040011.633000Z.png,0,00350,2021-07-11T040011
1230,00350.2021-07-11T033011.633110Z.png,0,00350,2021-07-11T033011
1231,00350.2021-07-11T030011.633000Z.png,0,00350,2021-07-11T030011
1232,00350.2021-07-11T023011.633110Z.png,0,00350,2021-07-11T023011
1233,00350.2021-07-11T020011.633000Z.png,0,00350,2021-07-11T020011
1234,00350.2021-07-11T013011.633110Z.png,0,00350,2021-07-11T013011
1235,00350.2021-07-11T010011.633000Z.png,0,00350,2021-07-11T010011
1236,00350.2021-07-11T003011.633110Z.png,0,00350,2021-07-11T003011
1237,00350.2021-07-11T000011.633000Z.png,0,00350,2021-07-11T000011
1238,00350.2021-07-10T233011.633110Z.png,0,00350,2021-07-10T233011
1239,00350.2021-07-10T230011.633000Z.png,0,00350,2021-07-10T230011
1240,00350.2021-07-10T223011.633110Z.png,0,00350,2021-07-10T223011
1241,00350.2021-07-10T220011.633000Z.png,0,00350,2021-07-10T220011
1242,00350.2021-07-10T213011.633110Z.png,0,00350,2021-07-10T213011
1243,00350.2021-07-10T210011.633000Z.png,0,00350,2021-07-10T210011
1244,00350.2021-07-10T203011.633110Z.png,0,00350,2021-07-10T203011
1245,00350.2021-07-10T200011.633000Z.png,0,00350,2021-07-10T200011
1246,00350.2021-07-10T193011.633110Z.png,0,00350,2021-07-10T193011
1247,00350.2021-07-10T190011.633000Z.png,0,00350,2021-07-10T190011
1248,00350.2021-07-10T183011.633110Z.png,0,00350,2021-07-10T183011
1249,00350.2021-07-10T180011.633000Z.png,0,00350,2021-07-10T180011
1250,00350.2021-07-10T173011.633110Z.png,0,00350,2021-07-10T173011
1251,00350.2021-07-10T170011.633000Z.png,0,00350,2021-07-10T170011
1252,00350.2021-07-10T163011.633110Z.png,0,00350,2021-07-10T163011
1253,00350.2021-07-10T160011.633000Z.png,0,00350,2021-07-10T160011
1254,00350.2021-07-10T153011.633110Z.png,0,00350,2021-07-10T153011
1255,00350.2021-07-10T150011.633000Z.png,0,00350,2021-07-10T150011
1256,00350.2021-07-10T143011.633110Z.png,0,00350,2021-07-10T143011
1257,00350.2021-07-10T140011.633000Z.png,0,00350,2021-07-10T140011
1258,00350.2021-07-10T133011.633110Z.png,0,00350,2021-07-10T133011
1259,00350.2021-07-10T130011.633000Z.png,0,00350,2021-07-10T130011
1260,00350.2021-07-10T123011.633110Z.png,0,00350,2021-07-10T123011
1261,00350.2021-07-10T120011.633000Z.png,0,00350,2021-07-10T120011
1262,00350.2021-07-10T113011.633110Z.png,0,00350,2021-07-10T113011
1263,00350.2021-07-10T110011.633000Z.png,0,00350,2021-07-10T110011
1264,00350.2021-07-10T103011.633110Z.png,0,00350,2021-07-10T103011
1265,00350.2021-07-10T100011.633000Z.png,0,00350,2021-07-10T100011
1266,00350.2021-07-10T093011.633110Z.png,0,00350,2021-07-10T093011
1267,00350.2021-07-10T090011.633000Z.png,0,00350,2021-07-10T090011
1268,00350.2021-07-10T083011.633110Z.png,0,00350,2021-07-10T083011
1269,00350.2021-07-10T080011.633000Z.png,0,00350,2021-07-10T080011
1270,00350.2021-07-10T073011.633110Z.png,0,00350,2021-07-10T073011
1271,00350.2021-07-10T070011.633000Z.png,0,00350,2021-07-10T070011
1272,00350.2021-07-10T063011.633110Z.png,0,00350,2021-07-10T063011
1273,00350.2021-07-10T060011.633000Z.png,0,00350,2021-07-10T060011
1274,00350.2021-07-10T053011.633110Z.png,0,00350,2021-07-10T053011
1275,00350.2021-07-10T050011.633000Z.png,0,00350,2021-07-10T050011
1276,00350.2021-07-10T043011.633110Z.png,0,00350,2021-07-10T043011
1277,00350.2021-07-10T040011.633000Z.png,0,00350,2021-07-10T040011
1278,00350.2021-07-10T033011.633110Z.png,0,00350,2021-07-10T033011
1279,00350.2021-07-10T030011.633000Z.png,0,00350,2021-07-10T030011
1280,00350.2021-07-10T023011.633110Z.png,0,00350,2021-07-10T023011
1281,00350.2021-07-10T020011.633000Z.png,0,00350,2021-07-10T020011
1282,00350.2021-07-10T013011.633110Z.png,0,00350,2021-07-10T013011
1283,00350.2021-07-10T010011.633000Z.png,0,00350,2021-07-10T010011
1284,00350.2021-07-10T003011.633110Z.png,0,00350,2021-07-10T003011
1285,00350.2021-07-10T000011.633000Z.png,0,00350,2021-07-10T000011
1286,00350.2021-07-09T233011.633110Z.png,0,00350,2021-07-09T233011
1287,00350.2021-07-09T230011.633000Z.png,0,00350,2021-07-09T230011
1288,00350.2021-07-09T223011.633110Z.png,0,00350,2021-07-09T223011
1289,00350.2021-07-09T220011.633000Z.png,0,00350,2021-07-09T220011
1290,00350.2021-07-09T213011.633110Z.png,0,00350,2021-07-09T213011
1291,00350.2021-07-09T210011.633000Z.png,0,00350,2021-07-09T210011
1292,00350.2021-07-09T203011.633110Z.png,0,00350,2021-07-09T203011
1293,00350.2021-07-09T200011.633000Z.png,0,00350,2021-07-09T200011
1294,00350.2021-07-09T193011.633110Z.png,0,00350,2021-07-09T193011
1295,00350.2021-07-09T190011.633000Z.png,0,00350,2021-07-09T190011
1296,00350.2021-07-09T183011.633110Z.png,0,00350,2021-07-09T183011
1297,00350.2021-07-09T180011.633000Z.png,0,00350,2021-07-09T180011
1298,00350.2021-07-09T173011.633110Z.png,0,00350,2021-07-09T173011
1299,00350.2021-07-09T170011.633000Z.png,0,00350,2021-07-09T170011
1300,00350.2021-07-09T163011.697110Z.png,0,00350,2021-07-09T163011
1301,00350.2021-07-09T160011.697000Z.png,0,00350,2021-07-09T160011
1302,00350.2021-07-09T153011.697110Z.png,0,00350,2021-07-09T153011
1303,00350.2021-07-09T150011.697000Z.png,0,00350,2021-07-09T150011
1304,00350.2021-07-09T143010.911110Z.png,0,00350,2021-07-09T143010
1305,00350.2021-07-09T140010.911000Z.png,0,00350,2021-07-09T140010
1306,00350.2021-07-09T133010.911110Z.png,0,00350,2021-07-09T133010
1307,00350.2021-07-09T130010.911000Z.png,0,00350,2021-07-09T130010
1308,00350.2021-07-09T123010.911110Z.png,0,00350,2021-07-09T123010
1309,00350.2021-07-09T120010.911000Z.png,0,00350,2021-07-09T120010
1310,00350.2021-07-09T113010.911110Z.png,0,00350,2021-07-09T113010
1311,00350.2021-07-09T110010.911000Z.png,0,00350,2021-07-09T110010
1312,00350.2021-07-09T103010.911110Z.png,0,00350,2021-07-09T103010
1313,00350.2021-07-09T100010.911000Z.png,0,00350,2021-07-09T100010
1314,00350.2021-07-09T093010.911110Z.png,0,00350,2021-07-09T093010
1315,00350.2021-07-09T090010.911000Z.png,0,00350,2021-07-09T090010
1316,00350.2021-07-09T073010.911110Z.png,0,00350,2021-07-09T073010
1317,00350.2021-07-09T070010.911000Z.png,0,00350,2021-07-09T070010
1318,00350.2021-07-09T063010.911110Z.png,0,00350,2021-07-09T063010
1319,00350.2021-07-09T060010.911000Z.png,0,00350,2021-07-09T060010
1320,00350.2021-07-09T053010.911110Z.png,0,00350,2021-07-09T053010
1321,00350.2021-07-09T050010.911000Z.png,1,00350,2021-07-09T050010
1322,00350.2021-07-09T043010.911110Z.png,1,00350,2021-07-09T043010
1323,00350.2021-07-09T040010.911000Z.png,0,00350,2021-07-09T040010
1324,00350.2021-07-09T083010.911110Z.png,0,00350,2021-07-09T083010
1325,00350.2021-07-09T080010.911000Z.png,0,00350,2021-07-09T080010
1326,00350.2021-07-09T033010.911110Z.png,0,00350,2021-07-09T033010
1327,00350.2021-07-09T030010.911000Z.png,0,00350,2021-07-09T030010
